chunk_id,document_id,filename,title,doi,section,section_role,chunk_index,text_length,n_documents_linked,n_entities_linked,mp_subgraphs
4:a588b8f8-4a1b-4a79-8a1a-924958fc2820:10045,doc_01_Dietary intake of minerals and trace elements in rice on the Jamaican market,doc_01_Dietary intake of minerals and trace elements in rice on the Jamaican market.md,Dietary intake of minerals and trace elements in rice on the Jamaican market,10.1016/j.jfca.2012.01.003,Methods_Materials,Methods_Materials,0,4000,1,2,EEM
4:a588b8f8-4a1b-4a79-8a1a-924958fc2820:10182,doc_01_Dietary intake of minerals and trace elements in rice on the Jamaican market,doc_01_Dietary intake of minerals and trace elements in rice on the Jamaican market.md,Dietary intake of minerals and trace elements in rice on the Jamaican market,10.1016/j.jfca.2012.01.003,Methods_Materials,Methods_Materials,0,3997,21,86,MPU|EEM
4:a588b8f8-4a1b-4a79-8a1a-924958fc2820:8867,doc_01_Dietary intake of minerals and trace elements in rice on the Jamaican market,doc_01_Dietary intake of minerals and trace elements in rice on the Jamaican market.md,Dietary intake of minerals and trace elements in rice on the Jamaican market,10.1016/j.jfca.2012.01.003,Results,Results,0,4000,6,36,MPU
4:a588b8f8-4a1b-4a79-8a1a-924958fc2820:9012,doc_01_Dietary intake of minerals and trace elements in rice on the Jamaican market,doc_01_Dietary intake of minerals and trace elements in rice on the Jamaican market.md,Dietary intake of minerals and trace elements in rice on the Jamaican market,10.1016/j.jfca.2012.01.003,Methods_Materials,Methods_Materials,0,4000,44,190,MPU|EBM|EEM
4:a588b8f8-4a1b-4a79-8a1a-924958fc2820:9208,doc_01_Dietary intake of minerals and trace elements in rice on the Jamaican market,doc_01_Dietary intake of minerals and trace elements in rice on the Jamaican market.md,Dietary intake of minerals and trace elements in rice on the Jamaican market,10.1016/j.jfca.2012.01.003,Introduction,Introduction,0,3627,1,7,MPU
4:a588b8f8-4a1b-4a79-8a1a-924958fc2820:9217,doc_01_Dietary intake of minerals and trace elements in rice on the Jamaican market,doc_01_Dietary intake of minerals and trace elements in rice on the Jamaican market.md,Dietary intake of minerals and trace elements in rice on the Jamaican market,10.1016/j.jfca.2012.01.003,Results,Results,0,3997,1,7,MPU
4:a588b8f8-4a1b-4a79-8a1a-924958fc2820:9694,doc_01_Dietary intake of minerals and trace elements in rice on the Jamaican market,doc_01_Dietary intake of minerals and trace elements in rice on the Jamaican market.md,Dietary intake of minerals and trace elements in rice on the Jamaican market,10.1016/j.jfca.2012.01.003,Abstract,Abstract,0,4000,1,2,EEM
4:a588b8f8-4a1b-4a79-8a1a-924958fc2820:9888,doc_01_Dietary intake of minerals and trace elements in rice on the Jamaican market,doc_01_Dietary intake of minerals and trace elements in rice on the Jamaican market.md,Dietary intake of minerals and trace elements in rice on the Jamaican market,10.1016/j.jfca.2012.01.003,Methods_Materials,Methods_Materials,0,3991,2,8,EEM
4:a588b8f8-4a1b-4a79-8a1a-924958fc2820:10046,doc_01_Dietary intake of minerals and trace elements in rice on the Jamaican market,doc_01_Dietary intake of minerals and trace elements in rice on the Jamaican market.md,Dietary intake of minerals and trace elements in rice on the Jamaican market,10.1016/j.jfca.2012.01.003,Introduction,Introduction,1,4000,1,2,EEM
4:a588b8f8-4a1b-4a79-8a1a-924958fc2820:10183,doc_01_Dietary intake of minerals and trace elements in rice on the Jamaican market,doc_01_Dietary intake of minerals and trace elements in rice on the Jamaican market.md,Dietary intake of minerals and trace elements in rice on the Jamaican market,10.1016/j.jfca.2012.01.003,Introduction,Introduction,1,3998,21,62,MPU
4:a588b8f8-4a1b-4a79-8a1a-924958fc2820:8868,doc_01_Dietary intake of minerals and trace elements in rice on the Jamaican market,doc_01_Dietary intake of minerals and trace elements in rice on the Jamaican market.md,Dietary intake of minerals and trace elements in rice on the Jamaican market,10.1016/j.jfca.2012.01.003,Results,Results,1,3996,6,36,MPU
4:a588b8f8-4a1b-4a79-8a1a-924958fc2820:9013,doc_01_Dietary intake of minerals and trace elements in rice on the Jamaican market,doc_01_Dietary intake of minerals and trace elements in rice on the Jamaican market.md,Dietary intake of minerals and trace elements in rice on the Jamaican market,10.1016/j.jfca.2012.01.003,Methods_Materials,Methods_Materials,1,4000,44,163,MPU|EBM|EEM
4:a588b8f8-4a1b-4a79-8a1a-924958fc2820:9218,doc_01_Dietary intake of minerals and trace elements in rice on the Jamaican market,doc_01_Dietary intake of minerals and trace elements in rice on the Jamaican market.md,Dietary intake of minerals and trace elements in rice on the Jamaican market,10.1016/j.jfca.2012.01.003,Results,Results,1,3996,1,15,MPU
4:a588b8f8-4a1b-4a79-8a1a-924958fc2820:9695,doc_01_Dietary intake of minerals and trace elements in rice on the Jamaican market,doc_01_Dietary intake of minerals and trace elements in rice on the Jamaican market.md,Dietary intake of minerals and trace elements in rice on the Jamaican market,10.1016/j.jfca.2012.01.003,Introduction,Introduction,1,1457,1,2,EEM
4:a588b8f8-4a1b-4a79-8a1a-924958fc2820:9889,doc_01_Dietary intake of minerals and trace elements in rice on the Jamaican market,doc_01_Dietary intake of minerals and trace elements in rice on the Jamaican market.md,Dietary intake of minerals and trace elements in rice on the Jamaican market,10.1016/j.jfca.2012.01.003,Methods_Materials,Methods_Materials,1,3999,2,7,EEM
4:a588b8f8-4a1b-4a79-8a1a-924958fc2820:10047,doc_01_Dietary intake of minerals and trace elements in rice on the Jamaican market,doc_01_Dietary intake of minerals and trace elements in rice on the Jamaican market.md,Dietary intake of minerals and trace elements in rice on the Jamaican market,10.1016/j.jfca.2012.01.003,Methods_Materials,Methods_Materials,2,3998,1,2,EEM
4:a588b8f8-4a1b-4a79-8a1a-924958fc2820:10184,doc_01_Dietary intake of minerals and trace elements in rice on the Jamaican market,doc_01_Dietary intake of minerals and trace elements in rice on the Jamaican market.md,Dietary intake of minerals and trace elements in rice on the Jamaican market,10.1016/j.jfca.2012.01.003,Methods_Materials,Methods_Materials,2,3997,21,84,MPU
4:a588b8f8-4a1b-4a79-8a1a-924958fc2820:8869,doc_01_Dietary intake of minerals and trace elements in rice on the Jamaican market,doc_01_Dietary intake of minerals and trace elements in rice on the Jamaican market.md,Dietary intake of minerals and trace elements in rice on the Jamaican market,10.1016/j.jfca.2012.01.003,Discussion,Discussion,2,3997,6,28,MPU
4:a588b8f8-4a1b-4a79-8a1a-924958fc2820:9014,doc_01_Dietary intake of minerals and trace elements in rice on the Jamaican market,doc_01_Dietary intake of minerals and trace elements in rice on the Jamaican market.md,Dietary intake of minerals and trace elements in rice on the Jamaican market,10.1016/j.jfca.2012.01.003,Other,,2,3994,44,240,EBM|EEM
4:a588b8f8-4a1b-4a79-8a1a-924958fc2820:9219,doc_01_Dietary intake of minerals and trace elements in rice on the Jamaican market,doc_01_Dietary intake of minerals and trace elements in rice on the Jamaican market.md,Dietary intake of minerals and trace elements in rice on the Jamaican market,10.1016/j.jfca.2012.01.003,Discussion,Discussion,2,3995,1,11,MPU
4:a588b8f8-4a1b-4a79-8a1a-924958fc2820:9890,doc_01_Dietary intake of minerals and trace elements in rice on the Jamaican market,doc_01_Dietary intake of minerals and trace elements in rice on the Jamaican market.md,Dietary intake of minerals and trace elements in rice on the Jamaican market,10.1016/j.jfca.2012.01.003,Other,,2,4000,2,6,EEM
4:a588b8f8-4a1b-4a79-8a1a-924958fc2820:10048,doc_01_Dietary intake of minerals and trace elements in rice on the Jamaican market,doc_01_Dietary intake of minerals and trace elements in rice on the Jamaican market.md,Dietary intake of minerals and trace elements in rice on the Jamaican market,10.1016/j.jfca.2012.01.003,Methods_Materials,Methods_Materials,3,4000,1,0,
4:a588b8f8-4a1b-4a79-8a1a-924958fc2820:10185,doc_01_Dietary intake of minerals and trace elements in rice on the Jamaican market,doc_01_Dietary intake of minerals and trace elements in rice on the Jamaican market.md,Dietary intake of minerals and trace elements in rice on the Jamaican market,10.1016/j.jfca.2012.01.003,Methods_Materials,Methods_Materials,3,4000,21,76,MPU
4:a588b8f8-4a1b-4a79-8a1a-924958fc2820:8870,doc_01_Dietary intake of minerals and trace elements in rice on the Jamaican market,doc_01_Dietary intake of minerals and trace elements in rice on the Jamaican market.md,Dietary intake of minerals and trace elements in rice on the Jamaican market,10.1016/j.jfca.2012.01.003,Discussion,Discussion,3,4000,6,26,MPU
4:a588b8f8-4a1b-4a79-8a1a-924958fc2820:9015,doc_01_Dietary intake of minerals and trace elements in rice on the Jamaican market,doc_01_Dietary intake of minerals and trace elements in rice on the Jamaican market.md,Dietary intake of minerals and trace elements in rice on the Jamaican market,10.1016/j.jfca.2012.01.003,Discussion,Discussion,3,4000,1,5,MPU
4:a588b8f8-4a1b-4a79-8a1a-924958fc2820:9220,doc_01_Dietary intake of minerals and trace elements in rice on the Jamaican market,doc_01_Dietary intake of minerals and trace elements in rice on the Jamaican market.md,Dietary intake of minerals and trace elements in rice on the Jamaican market,10.1016/j.jfca.2012.01.003,Discussion,Discussion,3,4000,1,11,MPU
4:a588b8f8-4a1b-4a79-8a1a-924958fc2820:9412,doc_01_Dietary intake of minerals and trace elements in rice on the Jamaican market,doc_01_Dietary intake of minerals and trace elements in rice on the Jamaican market.md,Dietary intake of minerals and trace elements in rice on the Jamaican market,10.1016/j.jfca.2012.01.003,Other,,3,691,43,23,EEM
4:a588b8f8-4a1b-4a79-8a1a-924958fc2820:9891,doc_01_Dietary intake of minerals and trace elements in rice on the Jamaican market,doc_01_Dietary intake of minerals and trace elements in rice on the Jamaican market.md,Dietary intake of minerals and trace elements in rice on the Jamaican market,10.1016/j.jfca.2012.01.003,Results,Results,3,4000,2,7,EEM
4:a588b8f8-4a1b-4a79-8a1a-924958fc2820:10049,doc_01_Dietary intake of minerals and trace elements in rice on the Jamaican market,doc_01_Dietary intake of minerals and trace elements in rice on the Jamaican market.md,Dietary intake of minerals and trace elements in rice on the Jamaican market,10.1016/j.jfca.2012.01.003,Other,,4,2154,1,0,
4:a588b8f8-4a1b-4a79-8a1a-924958fc2820:10186,doc_01_Dietary intake of minerals and trace elements in rice on the Jamaican market,doc_01_Dietary intake of minerals and trace elements in rice on the Jamaican market.md,Dietary intake of minerals and trace elements in rice on the Jamaican market,10.1016/j.jfca.2012.01.003,Results,Results,4,3999,21,50,MPU|EEM
4:a588b8f8-4a1b-4a79-8a1a-924958fc2820:8871,doc_01_Dietary intake of minerals and trace elements in rice on the Jamaican market,doc_01_Dietary intake of minerals and trace elements in rice on the Jamaican market.md,Dietary intake of minerals and trace elements in rice on the Jamaican market,10.1016/j.jfca.2012.01.003,Other,,4,3999,6,11,MPU
4:a588b8f8-4a1b-4a79-8a1a-924958fc2820:9016,doc_01_Dietary intake of minerals and trace elements in rice on the Jamaican market,doc_01_Dietary intake of minerals and trace elements in rice on the Jamaican market.md,Dietary intake of minerals and trace elements in rice on the Jamaican market,10.1016/j.jfca.2012.01.003,Discussion,Discussion,4,3997,1,0,
4:a588b8f8-4a1b-4a79-8a1a-924958fc2820:9221,doc_01_Dietary intake of minerals and trace elements in rice on the Jamaican market,doc_01_Dietary intake of minerals and trace elements in rice on the Jamaican market.md,Dietary intake of minerals and trace elements in rice on the Jamaican market,10.1016/j.jfca.2012.01.003,Discussion,Discussion,4,4000,1,13,MPU
4:a588b8f8-4a1b-4a79-8a1a-924958fc2820:9892,doc_01_Dietary intake of minerals and trace elements in rice on the Jamaican market,doc_01_Dietary intake of minerals and trace elements in rice on the Jamaican market.md,Dietary intake of minerals and trace elements in rice on the Jamaican market,10.1016/j.jfca.2012.01.003,Results,Results,4,3996,2,3,
4:a588b8f8-4a1b-4a79-8a1a-924958fc2820:10187,doc_01_Dietary intake of minerals and trace elements in rice on the Jamaican market,doc_01_Dietary intake of minerals and trace elements in rice on the Jamaican market.md,Dietary intake of minerals and trace elements in rice on the Jamaican market,10.1016/j.jfca.2012.01.003,Results,Results,5,3991,21,110,MPU|EEM
4:a588b8f8-4a1b-4a79-8a1a-924958fc2820:8872,doc_01_Dietary intake of minerals and trace elements in rice on the Jamaican market,doc_01_Dietary intake of minerals and trace elements in rice on the Jamaican market.md,Dietary intake of minerals and trace elements in rice on the Jamaican market,10.1016/j.jfca.2012.01.003,Discussion,Discussion,5,3997,6,58,MPU
4:a588b8f8-4a1b-4a79-8a1a-924958fc2820:9017,doc_01_Dietary intake of minerals and trace elements in rice on the Jamaican market,doc_01_Dietary intake of minerals and trace elements in rice on the Jamaican market.md,Dietary intake of minerals and trace elements in rice on the Jamaican market,10.1016/j.jfca.2012.01.003,Other,,5,4000,1,0,
4:a588b8f8-4a1b-4a79-8a1a-924958fc2820:9222,doc_01_Dietary intake of minerals and trace elements in rice on the Jamaican market,doc_01_Dietary intake of minerals and trace elements in rice on the Jamaican market.md,Dietary intake of minerals and trace elements in rice on the Jamaican market,10.1016/j.jfca.2012.01.003,Other,,5,4000,1,0,
4:a588b8f8-4a1b-4a79-8a1a-924958fc2820:9893,doc_01_Dietary intake of minerals and trace elements in rice on the Jamaican market,doc_01_Dietary intake of minerals and trace elements in rice on the Jamaican market.md,Dietary intake of minerals and trace elements in rice on the Jamaican market,10.1016/j.jfca.2012.01.003,Results,Results,5,3992,2,0,
4:a588b8f8-4a1b-4a79-8a1a-924958fc2820:10188,doc_01_Dietary intake of minerals and trace elements in rice on the Jamaican market,doc_01_Dietary intake of minerals and trace elements in rice on the Jamaican market.md,Dietary intake of minerals and trace elements in rice on the Jamaican market,10.1016/j.jfca.2012.01.003,Discussion,Discussion,6,3998,21,65,MPU|EBM
4:a588b8f8-4a1b-4a79-8a1a-924958fc2820:8873,doc_01_Dietary intake of minerals and trace elements in rice on the Jamaican market,doc_01_Dietary intake of minerals and trace elements in rice on the Jamaican market.md,Dietary intake of minerals and trace elements in rice on the Jamaican market,10.1016/j.jfca.2012.01.003,Discussion,Discussion,6,3997,6,50,MPU
4:a588b8f8-4a1b-4a79-8a1a-924958fc2820:9018,doc_01_Dietary intake of minerals and trace elements in rice on the Jamaican market,doc_01_Dietary intake of minerals and trace elements in rice on the Jamaican market.md,Dietary intake of minerals and trace elements in rice on the Jamaican market,10.1016/j.jfca.2012.01.003,Discussion,Discussion,6,3999,1,0,
4:a588b8f8-4a1b-4a79-8a1a-924958fc2820:9223,doc_01_Dietary intake of minerals and trace elements in rice on the Jamaican market,doc_01_Dietary intake of minerals and trace elements in rice on the Jamaican market.md,Dietary intake of minerals and trace elements in rice on the Jamaican market,10.1016/j.jfca.2012.01.003,Discussion,Discussion,6,3996,1,0,
4:a588b8f8-4a1b-4a79-8a1a-924958fc2820:9894,doc_01_Dietary intake of minerals and trace elements in rice on the Jamaican market,doc_01_Dietary intake of minerals and trace elements in rice on the Jamaican market.md,Dietary intake of minerals and trace elements in rice on the Jamaican market,10.1016/j.jfca.2012.01.003,Results,Results,6,4000,2,0,
4:a588b8f8-4a1b-4a79-8a1a-924958fc2820:10189,doc_01_Dietary intake of minerals and trace elements in rice on the Jamaican market,doc_01_Dietary intake of minerals and trace elements in rice on the Jamaican market.md,Dietary intake of minerals and trace elements in rice on the Jamaican market,10.1016/j.jfca.2012.01.003,Discussion,Discussion,7,3997,21,85,MPU|EBM
4:a588b8f8-4a1b-4a79-8a1a-924958fc2820:8874,doc_01_Dietary intake of minerals and trace elements in rice on the Jamaican market,doc_01_Dietary intake of minerals and trace elements in rice on the Jamaican market.md,Dietary intake of minerals and trace elements in rice on the Jamaican market,10.1016/j.jfca.2012.01.003,Discussion,Discussion,7,3999,6,27,MPU
4:a588b8f8-4a1b-4a79-8a1a-924958fc2820:9019,doc_01_Dietary intake of minerals and trace elements in rice on the Jamaican market,doc_01_Dietary intake of minerals and trace elements in rice on the Jamaican market.md,Dietary intake of minerals and trace elements in rice on the Jamaican market,10.1016/j.jfca.2012.01.003,Discussion,Discussion,7,3996,1,0,
4:a588b8f8-4a1b-4a79-8a1a-924958fc2820:9224,doc_01_Dietary intake of minerals and trace elements in rice on the Jamaican market,doc_01_Dietary intake of minerals and trace elements in rice on the Jamaican market.md,Dietary intake of minerals and trace elements in rice on the Jamaican market,10.1016/j.jfca.2012.01.003,Discussion,Discussion,7,3999,1,0,
4:a588b8f8-4a1b-4a79-8a1a-924958fc2820:9895,doc_01_Dietary intake of minerals and trace elements in rice on the Jamaican market,doc_01_Dietary intake of minerals and trace elements in rice on the Jamaican market.md,Dietary intake of minerals and trace elements in rice on the Jamaican market,10.1016/j.jfca.2012.01.003,Other,,7,1649,2,0,
4:a588b8f8-4a1b-4a79-8a1a-924958fc2820:10190,doc_01_Dietary intake of minerals and trace elements in rice on the Jamaican market,doc_01_Dietary intake of minerals and trace elements in rice on the Jamaican market.md,Dietary intake of minerals and trace elements in rice on the Jamaican market,10.1016/j.jfca.2012.01.003,Discussion,Discussion,8,4000,21,22,
4:a588b8f8-4a1b-4a79-8a1a-924958fc2820:8875,doc_01_Dietary intake of minerals and trace elements in rice on the Jamaican market,doc_01_Dietary intake of minerals and trace elements in rice on the Jamaican market.md,Dietary intake of minerals and trace elements in rice on the Jamaican market,10.1016/j.jfca.2012.01.003,Discussion,Discussion,8,3998,6,39,MPU
4:a588b8f8-4a1b-4a79-8a1a-924958fc2820:9020,doc_01_Dietary intake of minerals and trace elements in rice on the Jamaican market,doc_01_Dietary intake of minerals and trace elements in rice on the Jamaican market.md,Dietary intake of minerals and trace elements in rice on the Jamaican market,10.1016/j.jfca.2012.01.003,Discussion,Discussion,8,4000,1,0,
4:a588b8f8-4a1b-4a79-8a1a-924958fc2820:9225,doc_01_Dietary intake of minerals and trace elements in rice on the Jamaican market,doc_01_Dietary intake of minerals and trace elements in rice on the Jamaican market.md,Dietary intake of minerals and trace elements in rice on the Jamaican market,10.1016/j.jfca.2012.01.003,Discussion,Discussion,8,3999,1,15,
4:a588b8f8-4a1b-4a79-8a1a-924958fc2820:10191,doc_01_Dietary intake of minerals and trace elements in rice on the Jamaican market,doc_01_Dietary intake of minerals and trace elements in rice on the Jamaican market.md,Dietary intake of minerals and trace elements in rice on the Jamaican market,10.1016/j.jfca.2012.01.003,Discussion,Discussion,9,3996,21,37,MPU|EBM
4:a588b8f8-4a1b-4a79-8a1a-924958fc2820:8876,doc_01_Dietary intake of minerals and trace elements in rice on the Jamaican market,doc_01_Dietary intake of minerals and trace elements in rice on the Jamaican market.md,Dietary intake of minerals and trace elements in rice on the Jamaican market,10.1016/j.jfca.2012.01.003,Discussion,Discussion,9,4000,6,17,MPU
4:a588b8f8-4a1b-4a79-8a1a-924958fc2820:9021,doc_01_Dietary intake of minerals and trace elements in rice on the Jamaican market,doc_01_Dietary intake of minerals and trace elements in rice on the Jamaican market.md,Dietary intake of minerals and trace elements in rice on the Jamaican market,10.1016/j.jfca.2012.01.003,Discussion,Discussion,9,3999,1,6,
4:a588b8f8-4a1b-4a79-8a1a-924958fc2820:9226,doc_01_Dietary intake of minerals and trace elements in rice on the Jamaican market,doc_01_Dietary intake of minerals and trace elements in rice on the Jamaican market.md,Dietary intake of minerals and trace elements in rice on the Jamaican market,10.1016/j.jfca.2012.01.003,Discussion,Discussion,9,3995,1,7,MPU
4:a588b8f8-4a1b-4a79-8a1a-924958fc2820:10192,doc_01_Dietary intake of minerals and trace elements in rice on the Jamaican market,doc_01_Dietary intake of minerals and trace elements in rice on the Jamaican market.md,Dietary intake of minerals and trace elements in rice on the Jamaican market,10.1016/j.jfca.2012.01.003,Discussion,Discussion,10,3999,21,119,MPU|EBM
4:a588b8f8-4a1b-4a79-8a1a-924958fc2820:8877,doc_01_Dietary intake of minerals and trace elements in rice on the Jamaican market,doc_01_Dietary intake of minerals and trace elements in rice on the Jamaican market.md,Dietary intake of minerals and trace elements in rice on the Jamaican market,10.1016/j.jfca.2012.01.003,Discussion,Discussion,10,3922,6,14,MPU
4:a588b8f8-4a1b-4a79-8a1a-924958fc2820:9022,doc_01_Dietary intake of minerals and trace elements in rice on the Jamaican market,doc_01_Dietary intake of minerals and trace elements in rice on the Jamaican market.md,Dietary intake of minerals and trace elements in rice on the Jamaican market,10.1016/j.jfca.2012.01.003,Discussion,Discussion,10,3993,1,0,
4:a588b8f8-4a1b-4a79-8a1a-924958fc2820:9227,doc_01_Dietary intake of minerals and trace elements in rice on the Jamaican market,doc_01_Dietary intake of minerals and trace elements in rice on the Jamaican market.md,Dietary intake of minerals and trace elements in rice on the Jamaican market,10.1016/j.jfca.2012.01.003,Discussion,Discussion,10,4000,1,17,MPU
4:a588b8f8-4a1b-4a79-8a1a-924958fc2820:10193,doc_01_Dietary intake of minerals and trace elements in rice on the Jamaican market,doc_01_Dietary intake of minerals and trace elements in rice on the Jamaican market.md,Dietary intake of minerals and trace elements in rice on the Jamaican market,10.1016/j.jfca.2012.01.003,Discussion,Discussion,11,3999,21,116,MPU
4:a588b8f8-4a1b-4a79-8a1a-924958fc2820:8878,doc_01_Dietary intake of minerals and trace elements in rice on the Jamaican market,doc_01_Dietary intake of minerals and trace elements in rice on the Jamaican market.md,Dietary intake of minerals and trace elements in rice on the Jamaican market,10.1016/j.jfca.2012.01.003,Discussion,Discussion,11,4000,6,8,MPU
4:a588b8f8-4a1b-4a79-8a1a-924958fc2820:9023,doc_01_Dietary intake of minerals and trace elements in rice on the Jamaican market,doc_01_Dietary intake of minerals and trace elements in rice on the Jamaican market.md,Dietary intake of minerals and trace elements in rice on the Jamaican market,10.1016/j.jfca.2012.01.003,Discussion,Discussion,11,3997,1,4,MPU
4:a588b8f8-4a1b-4a79-8a1a-924958fc2820:9228,doc_01_Dietary intake of minerals and trace elements in rice on the Jamaican market,doc_01_Dietary intake of minerals and trace elements in rice on the Jamaican market.md,Dietary intake of minerals and trace elements in rice on the Jamaican market,10.1016/j.jfca.2012.01.003,Discussion,Discussion,11,4000,1,13,
4:a588b8f8-4a1b-4a79-8a1a-924958fc2820:10194,doc_01_Dietary intake of minerals and trace elements in rice on the Jamaican market,doc_01_Dietary intake of minerals and trace elements in rice on the Jamaican market.md,Dietary intake of minerals and trace elements in rice on the Jamaican market,10.1016/j.jfca.2012.01.003,Discussion,Discussion,12,4000,21,142,MPU
4:a588b8f8-4a1b-4a79-8a1a-924958fc2820:8879,doc_01_Dietary intake of minerals and trace elements in rice on the Jamaican market,doc_01_Dietary intake of minerals and trace elements in rice on the Jamaican market.md,Dietary intake of minerals and trace elements in rice on the Jamaican market,10.1016/j.jfca.2012.01.003,Discussion,Discussion,12,4000,6,39,MPU
4:a588b8f8-4a1b-4a79-8a1a-924958fc2820:9024,doc_01_Dietary intake of minerals and trace elements in rice on the Jamaican market,doc_01_Dietary intake of minerals and trace elements in rice on the Jamaican market.md,Dietary intake of minerals and trace elements in rice on the Jamaican market,10.1016/j.jfca.2012.01.003,Discussion,Discussion,12,4000,1,0,
4:a588b8f8-4a1b-4a79-8a1a-924958fc2820:9229,doc_01_Dietary intake of minerals and trace elements in rice on the Jamaican market,doc_01_Dietary intake of minerals and trace elements in rice on the Jamaican market.md,Dietary intake of minerals and trace elements in rice on the Jamaican market,10.1016/j.jfca.2012.01.003,Discussion,Discussion,12,4000,1,0,
4:a588b8f8-4a1b-4a79-8a1a-924958fc2820:10195,doc_01_Dietary intake of minerals and trace elements in rice on the Jamaican market,doc_01_Dietary intake of minerals and trace elements in rice on the Jamaican market.md,Dietary intake of minerals and trace elements in rice on the Jamaican market,10.1016/j.jfca.2012.01.003,Discussion,Discussion,13,4000,21,133,MPU
4:a588b8f8-4a1b-4a79-8a1a-924958fc2820:8880,doc_01_Dietary intake of minerals and trace elements in rice on the Jamaican market,doc_01_Dietary intake of minerals and trace elements in rice on the Jamaican market.md,Dietary intake of minerals and trace elements in rice on the Jamaican market,10.1016/j.jfca.2012.01.003,Discussion,Discussion,13,3998,6,35,MPU
4:a588b8f8-4a1b-4a79-8a1a-924958fc2820:9025,doc_01_Dietary intake of minerals and trace elements in rice on the Jamaican market,doc_01_Dietary intake of minerals and trace elements in rice on the Jamaican market.md,Dietary intake of minerals and trace elements in rice on the Jamaican market,10.1016/j.jfca.2012.01.003,Discussion,Discussion,13,4000,1,0,
4:a588b8f8-4a1b-4a79-8a1a-924958fc2820:9230,doc_01_Dietary intake of minerals and trace elements in rice on the Jamaican market,doc_01_Dietary intake of minerals and trace elements in rice on the Jamaican market.md,Dietary intake of minerals and trace elements in rice on the Jamaican market,10.1016/j.jfca.2012.01.003,Discussion,Discussion,13,4000,1,2,MPU
4:a588b8f8-4a1b-4a79-8a1a-924958fc2820:10196,doc_01_Dietary intake of minerals and trace elements in rice on the Jamaican market,doc_01_Dietary intake of minerals and trace elements in rice on the Jamaican market.md,Dietary intake of minerals and trace elements in rice on the Jamaican market,10.1016/j.jfca.2012.01.003,Discussion,Discussion,14,4000,21,104,MPU|EEM
4:a588b8f8-4a1b-4a79-8a1a-924958fc2820:8881,doc_01_Dietary intake of minerals and trace elements in rice on the Jamaican market,doc_01_Dietary intake of minerals and trace elements in rice on the Jamaican market.md,Dietary intake of minerals and trace elements in rice on the Jamaican market,10.1016/j.jfca.2012.01.003,Discussion,Discussion,14,4000,6,49,MPU
4:a588b8f8-4a1b-4a79-8a1a-924958fc2820:9026,doc_01_Dietary intake of minerals and trace elements in rice on the Jamaican market,doc_01_Dietary intake of minerals and trace elements in rice on the Jamaican market.md,Dietary intake of minerals and trace elements in rice on the Jamaican market,10.1016/j.jfca.2012.01.003,Discussion,Discussion,14,4000,1,0,
4:a588b8f8-4a1b-4a79-8a1a-924958fc2820:9231,doc_01_Dietary intake of minerals and trace elements in rice on the Jamaican market,doc_01_Dietary intake of minerals and trace elements in rice on the Jamaican market.md,Dietary intake of minerals and trace elements in rice on the Jamaican market,10.1016/j.jfca.2012.01.003,Discussion,Discussion,14,3999,1,15,MPU
4:a588b8f8-4a1b-4a79-8a1a-924958fc2820:10197,doc_01_Dietary intake of minerals and trace elements in rice on the Jamaican market,doc_01_Dietary intake of minerals and trace elements in rice on the Jamaican market.md,Dietary intake of minerals and trace elements in rice on the Jamaican market,10.1016/j.jfca.2012.01.003,Discussion,Discussion,15,4000,21,23,EBM
4:a588b8f8-4a1b-4a79-8a1a-924958fc2820:8882,doc_01_Dietary intake of minerals and trace elements in rice on the Jamaican market,doc_01_Dietary intake of minerals and trace elements in rice on the Jamaican market.md,Dietary intake of minerals and trace elements in rice on the Jamaican market,10.1016/j.jfca.2012.01.003,Discussion,Discussion,15,3997,6,33,MPU
4:a588b8f8-4a1b-4a79-8a1a-924958fc2820:9027,doc_01_Dietary intake of minerals and trace elements in rice on the Jamaican market,doc_01_Dietary intake of minerals and trace elements in rice on the Jamaican market.md,Dietary intake of minerals and trace elements in rice on the Jamaican market,10.1016/j.jfca.2012.01.003,Discussion,Discussion,15,4000,1,7,
4:a588b8f8-4a1b-4a79-8a1a-924958fc2820:9232,doc_01_Dietary intake of minerals and trace elements in rice on the Jamaican market,doc_01_Dietary intake of minerals and trace elements in rice on the Jamaican market.md,Dietary intake of minerals and trace elements in rice on the Jamaican market,10.1016/j.jfca.2012.01.003,Discussion,Discussion,15,3998,1,11,MPU
4:a588b8f8-4a1b-4a79-8a1a-924958fc2820:10198,doc_01_Dietary intake of minerals and trace elements in rice on the Jamaican market,doc_01_Dietary intake of minerals and trace elements in rice on the Jamaican market.md,Dietary intake of minerals and trace elements in rice on the Jamaican market,10.1016/j.jfca.2012.01.003,Discussion,Discussion,16,3994,21,25,MPU
4:a588b8f8-4a1b-4a79-8a1a-924958fc2820:8883,doc_01_Dietary intake of minerals and trace elements in rice on the Jamaican market,doc_01_Dietary intake of minerals and trace elements in rice on the Jamaican market.md,Dietary intake of minerals and trace elements in rice on the Jamaican market,10.1016/j.jfca.2012.01.003,Results,Results,16,3997,6,30,MPU
4:a588b8f8-4a1b-4a79-8a1a-924958fc2820:9028,doc_01_Dietary intake of minerals and trace elements in rice on the Jamaican market,doc_01_Dietary intake of minerals and trace elements in rice on the Jamaican market.md,Dietary intake of minerals and trace elements in rice on the Jamaican market,10.1016/j.jfca.2012.01.003,Discussion,Discussion,16,4000,1,0,
4:a588b8f8-4a1b-4a79-8a1a-924958fc2820:9233,doc_01_Dietary intake of minerals and trace elements in rice on the Jamaican market,doc_01_Dietary intake of minerals and trace elements in rice on the Jamaican market.md,Dietary intake of minerals and trace elements in rice on the Jamaican market,10.1016/j.jfca.2012.01.003,Discussion,Discussion,16,3998,1,7,MPU
4:a588b8f8-4a1b-4a79-8a1a-924958fc2820:10199,doc_01_Dietary intake of minerals and trace elements in rice on the Jamaican market,doc_01_Dietary intake of minerals and trace elements in rice on the Jamaican market.md,Dietary intake of minerals and trace elements in rice on the Jamaican market,10.1016/j.jfca.2012.01.003,Discussion,Discussion,17,3946,21,100,MPU|EEM
4:a588b8f8-4a1b-4a79-8a1a-924958fc2820:8884,doc_01_Dietary intake of minerals and trace elements in rice on the Jamaican market,doc_01_Dietary intake of minerals and trace elements in rice on the Jamaican market.md,Dietary intake of minerals and trace elements in rice on the Jamaican market,10.1016/j.jfca.2012.01.003,Results,Results,17,3998,6,39,
4:a588b8f8-4a1b-4a79-8a1a-924958fc2820:9029,doc_01_Dietary intake of minerals and trace elements in rice on the Jamaican market,doc_01_Dietary intake of minerals and trace elements in rice on the Jamaican market.md,Dietary intake of minerals and trace elements in rice on the Jamaican market,10.1016/j.jfca.2012.01.003,Other,,17,726,1,0,
4:a588b8f8-4a1b-4a79-8a1a-924958fc2820:9234,doc_01_Dietary intake of minerals and trace elements in rice on the Jamaican market,doc_01_Dietary intake of minerals and trace elements in rice on the Jamaican market.md,Dietary intake of minerals and trace elements in rice on the Jamaican market,10.1016/j.jfca.2012.01.003,Results,Results,17,3991,1,19,
4:a588b8f8-4a1b-4a79-8a1a-924958fc2820:10200,doc_01_Dietary intake of minerals and trace elements in rice on the Jamaican market,doc_01_Dietary intake of minerals and trace elements in rice on the Jamaican market.md,Dietary intake of minerals and trace elements in rice on the Jamaican market,10.1016/j.jfca.2012.01.003,Discussion,Discussion,18,4000,21,136,MPU|EBM|EEM
4:a588b8f8-4a1b-4a79-8a1a-924958fc2820:8885,doc_01_Dietary intake of minerals and trace elements in rice on the Jamaican market,doc_01_Dietary intake of minerals and trace elements in rice on the Jamaican market.md,Dietary intake of minerals and trace elements in rice on the Jamaican market,10.1016/j.jfca.2012.01.003,Other,,18,1009,6,20,MPU
4:a588b8f8-4a1b-4a79-8a1a-924958fc2820:9235,doc_01_Dietary intake of minerals and trace elements in rice on the Jamaican market,doc_01_Dietary intake of minerals and trace elements in rice on the Jamaican market.md,Dietary intake of minerals and trace elements in rice on the Jamaican market,10.1016/j.jfca.2012.01.003,Results,Results,18,3992,1,0,
4:a588b8f8-4a1b-4a79-8a1a-924958fc2820:10201,doc_01_Dietary intake of minerals and trace elements in rice on the Jamaican market,doc_01_Dietary intake of minerals and trace elements in rice on the Jamaican market.md,Dietary intake of minerals and trace elements in rice on the Jamaican market,10.1016/j.jfca.2012.01.003,Discussion,Discussion,19,4000,21,85,MPU|EBM
4:a588b8f8-4a1b-4a79-8a1a-924958fc2820:9236,doc_01_Dietary intake of minerals and trace elements in rice on the Jamaican market,doc_01_Dietary intake of minerals and trace elements in rice on the Jamaican market.md,Dietary intake of minerals and trace elements in rice on the Jamaican market,10.1016/j.jfca.2012.01.003,Other,,19,834,1,8,MPU
4:a588b8f8-4a1b-4a79-8a1a-924958fc2820:10202,doc_01_Dietary intake of minerals and trace elements in rice on the Jamaican market,doc_01_Dietary intake of minerals and trace elements in rice on the Jamaican market.md,Dietary intake of minerals and trace elements in rice on the Jamaican market,10.1016/j.jfca.2012.01.003,Discussion,Discussion,20,3998,21,92,MPU|EBM
4:a588b8f8-4a1b-4a79-8a1a-924958fc2820:10203,doc_01_Dietary intake of minerals and trace elements in rice on the Jamaican market,doc_01_Dietary intake of minerals and trace elements in rice on the Jamaican market.md,Dietary intake of minerals and trace elements in rice on the Jamaican market,10.1016/j.jfca.2012.01.003,Results,Results,21,3996,21,143,MPU
4:a588b8f8-4a1b-4a79-8a1a-924958fc2820:10204,doc_01_Dietary intake of minerals and trace elements in rice on the Jamaican market,doc_01_Dietary intake of minerals and trace elements in rice on the Jamaican market.md,Dietary intake of minerals and trace elements in rice on the Jamaican market,10.1016/j.jfca.2012.01.003,Results,Results,22,3531,21,104,
4:a588b8f8-4a1b-4a79-8a1a-924958fc2820:13274,doc_02_Characterization of mercury species in brown and white rice,doc_02_Characterization of mercury species in brown and white rice.md,doc_02_Characterization of mercury species in brown and white rice,local:doc_02_Characterization of mercury species in brown and white rice.md,Results,Results,0,3997,6,25,MPU
4:a588b8f8-4a1b-4a79-8a1a-924958fc2820:13322,doc_02_Characterization of mercury species in brown and white rice,doc_02_Characterization of mercury species in brown and white rice.md,doc_02_Characterization of mercury species in brown and white rice,local:doc_02_Characterization of mercury species in brown and white rice.md,Introduction,Introduction,0,3989,44,314,MPU|EBM|EEM
4:a588b8f8-4a1b-4a79-8a1a-924958fc2820:13401,doc_02_Characterization of mercury species in brown and white rice,doc_02_Characterization of mercury species in brown and white rice.md,doc_02_Characterization of mercury species in brown and white rice,local:doc_02_Characterization of mercury species in brown and white rice.md,Introduction,Introduction,0,3995,1,6,MPU
4:a588b8f8-4a1b-4a79-8a1a-924958fc2820:13479,doc_02_Characterization of mercury species in brown and white rice,doc_02_Characterization of mercury species in brown and white rice.md,doc_02_Characterization of mercury species in brown and white rice,local:doc_02_Characterization of mercury species in brown and white rice.md,Results,Results,0,4000,1,6,MPU
4:a588b8f8-4a1b-4a79-8a1a-924958fc2820:13997,doc_02_Characterization of mercury species in brown and white rice,doc_02_Characterization of mercury species in brown and white rice.md,doc_02_Characterization of mercury species in brown and white rice,local:doc_02_Characterization of mercury species in brown and white rice.md,Abstract,Abstract,0,3999,2,4,EEM
4:a588b8f8-4a1b-4a79-8a1a-924958fc2820:14118,doc_02_Characterization of mercury species in brown and white rice,doc_02_Characterization of mercury species in brown and white rice.md,doc_02_Characterization of mercury species in brown and white rice,local:doc_02_Characterization of mercury species in brown and white rice.md,Results,Results,0,4000,2,3,EEM
4:a588b8f8-4a1b-4a79-8a1a-924958fc2820:14369,doc_02_Characterization of mercury species in brown and white rice,doc_02_Characterization of mercury species in brown and white rice.md,doc_02_Characterization of mercury species in brown and white rice,local:doc_02_Characterization of mercury species in brown and white rice.md,Results,Results,0,4000,21,145,MPU|EBM|EEM
4:a588b8f8-4a1b-4a79-8a1a-924958fc2820:13275,doc_02_Characterization of mercury species in brown and white rice,doc_02_Characterization of mercury species in brown and white rice.md,doc_02_Characterization of mercury species in brown and white rice,local:doc_02_Characterization of mercury species in brown and white rice.md,Results,Results,1,3999,6,25,MPU
4:a588b8f8-4a1b-4a79-8a1a-924958fc2820:13323,doc_02_Characterization of mercury species in brown and white rice,doc_02_Characterization of mercury species in brown and white rice.md,doc_02_Characterization of mercury species in brown and white rice,local:doc_02_Characterization of mercury species in brown and white rice.md,Introduction,Introduction,1,3996,44,262,EBM|EEM
4:a588b8f8-4a1b-4a79-8a1a-924958fc2820:13402,doc_02_Characterization of mercury species in brown and white rice,doc_02_Characterization of mercury species in brown and white rice.md,doc_02_Characterization of mercury species in brown and white rice,local:doc_02_Characterization of mercury species in brown and white rice.md,Introduction,Introduction,1,4000,1,4,MPU
4:a588b8f8-4a1b-4a79-8a1a-924958fc2820:13480,doc_02_Characterization of mercury species in brown and white rice,doc_02_Characterization of mercury species in brown and white rice.md,doc_02_Characterization of mercury species in brown and white rice,local:doc_02_Characterization of mercury species in brown and white rice.md,Introduction,Introduction,1,3999,1,20,MPU
4:a588b8f8-4a1b-4a79-8a1a-924958fc2820:13998,doc_02_Characterization of mercury species in brown and white rice,doc_02_Characterization of mercury species in brown and white rice.md,doc_02_Characterization of mercury species in brown and white rice,local:doc_02_Characterization of mercury species in brown and white rice.md,Introduction,Introduction,1,2960,1,2,EEM
4:a588b8f8-4a1b-4a79-8a1a-924958fc2820:14119,doc_02_Characterization of mercury species in brown and white rice,doc_02_Characterization of mercury species in brown and white rice.md,doc_02_Characterization of mercury species in brown and white rice,local:doc_02_Characterization of mercury species in brown and white rice.md,Introduction,Introduction,1,3993,2,12,EEM
4:a588b8f8-4a1b-4a79-8a1a-924958fc2820:14241,doc_02_Characterization of mercury species in brown and white rice,doc_02_Characterization of mercury species in brown and white rice.md,doc_02_Characterization of mercury species in brown and white rice,local:doc_02_Characterization of mercury species in brown and white rice.md,Introduction,Introduction,1,3997,1,2,EEM
4:a588b8f8-4a1b-4a79-8a1a-924958fc2820:14370,doc_02_Characterization of mercury species in brown and white rice,doc_02_Characterization of mercury species in brown and white rice.md,doc_02_Characterization of mercury species in brown and white rice,local:doc_02_Characterization of mercury species in brown and white rice.md,Introduction,Introduction,1,3997,21,104,MPU|EBM
4:a588b8f8-4a1b-4a79-8a1a-924958fc2820:13276,doc_02_Characterization of mercury species in brown and white rice,doc_02_Characterization of mercury species in brown and white rice.md,doc_02_Characterization of mercury species in brown and white rice,local:doc_02_Characterization of mercury species in brown and white rice.md,Results,Results,2,4000,6,37,MPU
4:a588b8f8-4a1b-4a79-8a1a-924958fc2820:13324,doc_02_Characterization of mercury species in brown and white rice,doc_02_Characterization of mercury species in brown and white rice.md,doc_02_Characterization of mercury species in brown and white rice,local:doc_02_Characterization of mercury species in brown and white rice.md,Methods_Materials,Methods_Materials,2,4000,1,1,
4:a588b8f8-4a1b-4a79-8a1a-924958fc2820:13403,doc_02_Characterization of mercury species in brown and white rice,doc_02_Characterization of mercury species in brown and white rice.md,doc_02_Characterization of mercury species in brown and white rice,local:doc_02_Characterization of mercury species in brown and white rice.md,References,References,2,3996,1,10,
4:a588b8f8-4a1b-4a79-8a1a-924958fc2820:13481,doc_02_Characterization of mercury species in brown and white rice,doc_02_Characterization of mercury species in brown and white rice.md,doc_02_Characterization of mercury species in brown and white rice,local:doc_02_Characterization of mercury species in brown and white rice.md,Results,Results,2,4000,1,6,
4:a588b8f8-4a1b-4a79-8a1a-924958fc2820:13601,doc_02_Characterization of mercury species in brown and white rice,doc_02_Characterization of mercury species in brown and white rice.md,doc_02_Characterization of mercury species in brown and white rice,local:doc_02_Characterization of mercury species in brown and white rice.md,Methods_Materials,Methods_Materials,2,1338,43,56,EBM|EEM
4:a588b8f8-4a1b-4a79-8a1a-924958fc2820:14120,doc_02_Characterization of mercury species in brown and white rice,doc_02_Characterization of mercury species in brown and white rice.md,doc_02_Characterization of mercury species in brown and white rice,local:doc_02_Characterization of mercury species in brown and white rice.md,Introduction,Introduction,2,4000,2,10,EEM
4:a588b8f8-4a1b-4a79-8a1a-924958fc2820:14242,doc_02_Characterization of mercury species in brown and white rice,doc_02_Characterization of mercury species in brown and white rice.md,doc_02_Characterization of mercury species in brown and white rice,local:doc_02_Characterization of mercury species in brown and white rice.md,Introduction,Introduction,2,3994,1,0,
4:a588b8f8-4a1b-4a79-8a1a-924958fc2820:14371,doc_02_Characterization of mercury species in brown and white rice,doc_02_Characterization of mercury species in brown and white rice.md,doc_02_Characterization of mercury species in brown and white rice,local:doc_02_Characterization of mercury species in brown and white rice.md,Introduction,Introduction,2,3995,21,40,MPU
4:a588b8f8-4a1b-4a79-8a1a-924958fc2820:13277,doc_02_Characterization of mercury species in brown and white rice,doc_02_Characterization of mercury species in brown and white rice.md,doc_02_Characterization of mercury species in brown and white rice,local:doc_02_Characterization of mercury species in brown and white rice.md,Methods_Materials,Methods_Materials,3,4000,6,49,MPU
4:a588b8f8-4a1b-4a79-8a1a-924958fc2820:13325,doc_02_Characterization of mercury species in brown and white rice,doc_02_Characterization of mercury species in brown and white rice.md,doc_02_Characterization of mercury species in brown and white rice,local:doc_02_Characterization of mercury species in brown and white rice.md,Methods_Materials,Methods_Materials,3,3999,1,4,MPU
4:a588b8f8-4a1b-4a79-8a1a-924958fc2820:13404,doc_02_Characterization of mercury species in brown and white rice,doc_02_Characterization of mercury species in brown and white rice.md,doc_02_Characterization of mercury species in brown and white rice,local:doc_02_Characterization of mercury species in brown and white rice.md,References,References,3,3994,1,40,MPU
4:a588b8f8-4a1b-4a79-8a1a-924958fc2820:13482,doc_02_Characterization of mercury species in brown and white rice,doc_02_Characterization of mercury species in brown and white rice.md,doc_02_Characterization of mercury species in brown and white rice,local:doc_02_Characterization of mercury species in brown and white rice.md,Results,Results,3,4000,1,7,MPU
4:a588b8f8-4a1b-4a79-8a1a-924958fc2820:14121,doc_02_Characterization of mercury species in brown and white rice,doc_02_Characterization of mercury species in brown and white rice.md,doc_02_Characterization of mercury species in brown and white rice,local:doc_02_Characterization of mercury species in brown and white rice.md,Results,Results,3,4000,2,7,EEM
4:a588b8f8-4a1b-4a79-8a1a-924958fc2820:14243,doc_02_Characterization of mercury species in brown and white rice,doc_02_Characterization of mercury species in brown and white rice.md,doc_02_Characterization of mercury species in brown and white rice,local:doc_02_Characterization of mercury species in brown and white rice.md,Introduction,Introduction,3,3999,1,1,
4:a588b8f8-4a1b-4a79-8a1a-924958fc2820:14372,doc_02_Characterization of mercury species in brown and white rice,doc_02_Characterization of mercury species in brown and white rice.md,doc_02_Characterization of mercury species in brown and white rice,local:doc_02_Characterization of mercury species in brown and white rice.md,Introduction,Introduction,3,4000,21,108,MPU
4:a588b8f8-4a1b-4a79-8a1a-924958fc2820:13278,doc_02_Characterization of mercury species in brown and white rice,doc_02_Characterization of mercury species in brown and white rice.md,doc_02_Characterization of mercury species in brown and white rice,local:doc_02_Characterization of mercury species in brown and white rice.md,Methods_Materials,Methods_Materials,4,4000,6,46,MPU
4:a588b8f8-4a1b-4a79-8a1a-924958fc2820:13326,doc_02_Characterization of mercury species in brown and white rice,doc_02_Characterization of mercury species in brown and white rice.md,doc_02_Characterization of mercury species in brown and white rice,local:doc_02_Characterization of mercury species in brown and white rice.md,Discussion,Discussion,4,4000,1,2,MPU
4:a588b8f8-4a1b-4a79-8a1a-924958fc2820:13405,doc_02_Characterization of mercury species in brown and white rice,doc_02_Characterization of mercury species in brown and white rice.md,doc_02_Characterization of mercury species in brown and white rice,local:doc_02_Characterization of mercury species in brown and white rice.md,References,References,4,1509,1,12,MPU
4:a588b8f8-4a1b-4a79-8a1a-924958fc2820:13483,doc_02_Characterization of mercury species in brown and white rice,doc_02_Characterization of mercury species in brown and white rice.md,doc_02_Characterization of mercury species in brown and white rice,local:doc_02_Characterization of mercury species in brown and white rice.md,Methods_Materials,Methods_Materials,4,3988,1,8,
4:a588b8f8-4a1b-4a79-8a1a-924958fc2820:14122,doc_02_Characterization of mercury species in brown and white rice,doc_02_Characterization of mercury species in brown and white rice.md,doc_02_Characterization of mercury species in brown and white rice,local:doc_02_Characterization of mercury species in brown and white rice.md,Results,Results,4,4000,2,8,EEM
4:a588b8f8-4a1b-4a79-8a1a-924958fc2820:14244,doc_02_Characterization of mercury species in brown and white rice,doc_02_Characterization of mercury species in brown and white rice.md,doc_02_Characterization of mercury species in brown and white rice,local:doc_02_Characterization of mercury species in brown and white rice.md,Results,Results,4,509,1,0,
4:a588b8f8-4a1b-4a79-8a1a-924958fc2820:14373,doc_02_Characterization of mercury species in brown and white rice,doc_02_Characterization of mercury species in brown and white rice.md,doc_02_Characterization of mercury species in brown and white rice,local:doc_02_Characterization of mercury species in brown and white rice.md,Introduction,Introduction,4,3997,21,118,MPU|EEM
4:a588b8f8-4a1b-4a79-8a1a-924958fc2820:13279,doc_02_Characterization of mercury species in brown and white rice,doc_02_Characterization of mercury species in brown and white rice.md,doc_02_Characterization of mercury species in brown and white rice,local:doc_02_Characterization of mercury species in brown and white rice.md,Discussion,Discussion,5,3995,6,44,MPU
4:a588b8f8-4a1b-4a79-8a1a-924958fc2820:13327,doc_02_Characterization of mercury species in brown and white rice,doc_02_Characterization of mercury species in brown and white rice.md,doc_02_Characterization of mercury species in brown and white rice,local:doc_02_Characterization of mercury species in brown and white rice.md,Discussion,Discussion,5,1565,1,8,
4:a588b8f8-4a1b-4a79-8a1a-924958fc2820:13484,doc_02_Characterization of mercury species in brown and white rice,doc_02_Characterization of mercury species in brown and white rice.md,doc_02_Characterization of mercury species in brown and white rice,local:doc_02_Characterization of mercury species in brown and white rice.md,Results,Results,5,4000,1,24,MPU
4:a588b8f8-4a1b-4a79-8a1a-924958fc2820:14123,doc_02_Characterization of mercury species in brown and white rice,doc_02_Characterization of mercury species in brown and white rice.md,doc_02_Characterization of mercury species in brown and white rice,local:doc_02_Characterization of mercury species in brown and white rice.md,Methods_Materials,Methods_Materials,5,3998,2,17,EEM
4:a588b8f8-4a1b-4a79-8a1a-924958fc2820:14374,doc_02_Characterization of mercury species in brown and white rice,doc_02_Characterization of mercury species in brown and white rice.md,doc_02_Characterization of mercury species in brown and white rice,local:doc_02_Characterization of mercury species in brown and white rice.md,Results,Results,5,4000,21,50,MPU
4:a588b8f8-4a1b-4a79-8a1a-924958fc2820:13280,doc_02_Characterization of mercury species in brown and white rice,doc_02_Characterization of mercury species in brown and white rice.md,doc_02_Characterization of mercury species in brown and white rice,local:doc_02_Characterization of mercury species in brown and white rice.md,Discussion,Discussion,6,3659,6,16,MPU
4:a588b8f8-4a1b-4a79-8a1a-924958fc2820:13485,doc_02_Characterization of mercury species in brown and white rice,doc_02_Characterization of mercury species in brown and white rice.md,doc_02_Characterization of mercury species in brown and white rice,local:doc_02_Characterization of mercury species in brown and white rice.md,Methods_Materials,Methods_Materials,6,4000,1,15,MPU
4:a588b8f8-4a1b-4a79-8a1a-924958fc2820:14124,doc_02_Characterization of mercury species in brown and white rice,doc_02_Characterization of mercury species in brown and white rice.md,doc_02_Characterization of mercury species in brown and white rice,local:doc_02_Characterization of mercury species in brown and white rice.md,Results,Results,6,792,2,7,EEM
4:a588b8f8-4a1b-4a79-8a1a-924958fc2820:14375,doc_02_Characterization of mercury species in brown and white rice,doc_02_Characterization of mercury species in brown and white rice.md,doc_02_Characterization of mercury species in brown and white rice,local:doc_02_Characterization of mercury species in brown and white rice.md,Results,Results,6,3999,21,90,MPU|EBM|EEM
4:a588b8f8-4a1b-4a79-8a1a-924958fc2820:13486,doc_02_Characterization of mercury species in brown and white rice,doc_02_Characterization of mercury species in brown and white rice.md,doc_02_Characterization of mercury species in brown and white rice,local:doc_02_Characterization of mercury species in brown and white rice.md,Discussion,Discussion,7,4000,1,8,MPU
4:a588b8f8-4a1b-4a79-8a1a-924958fc2820:14376,doc_02_Characterization of mercury species in brown and white rice,doc_02_Characterization of mercury species in brown and white rice.md,doc_02_Characterization of mercury species in brown and white rice,local:doc_02_Characterization of mercury species in brown and white rice.md,Methods_Materials,Methods_Materials,7,3994,21,142,MPU|EEM
4:a588b8f8-4a1b-4a79-8a1a-924958fc2820:13487,doc_02_Characterization of mercury species in brown and white rice,doc_02_Characterization of mercury species in brown and white rice.md,doc_02_Characterization of mercury species in brown and white rice,local:doc_02_Characterization of mercury species in brown and white rice.md,Discussion,Discussion,8,1620,1,16,MPU
4:a588b8f8-4a1b-4a79-8a1a-924958fc2820:14377,doc_02_Characterization of mercury species in brown and white rice,doc_02_Characterization of mercury species in brown and white rice.md,doc_02_Characterization of mercury species in brown and white rice,local:doc_02_Characterization of mercury species in brown and white rice.md,Methods_Materials,Methods_Materials,8,3994,21,164,MPU|EBM|EEM
4:a588b8f8-4a1b-4a79-8a1a-924958fc2820:14378,doc_02_Characterization of mercury species in brown and white rice,doc_02_Characterization of mercury species in brown and white rice.md,doc_02_Characterization of mercury species in brown and white rice,local:doc_02_Characterization of mercury species in brown and white rice.md,Discussion,Discussion,9,3995,21,158,MPU|EBM|EEM
4:a588b8f8-4a1b-4a79-8a1a-924958fc2820:14379,doc_02_Characterization of mercury species in brown and white rice,doc_02_Characterization of mercury species in brown and white rice.md,doc_02_Characterization of mercury species in brown and white rice,local:doc_02_Characterization of mercury species in brown and white rice.md,Discussion,Discussion,10,3998,21,104,MPU|EEM
4:a588b8f8-4a1b-4a79-8a1a-924958fc2820:14380,doc_02_Characterization of mercury species in brown and white rice,doc_02_Characterization of mercury species in brown and white rice.md,doc_02_Characterization of mercury species in brown and white rice,local:doc_02_Characterization of mercury species in brown and white rice.md,References,References,11,3998,21,84,MPU
4:a588b8f8-4a1b-4a79-8a1a-924958fc2820:14381,doc_02_Characterization of mercury species in brown and white rice,doc_02_Characterization of mercury species in brown and white rice.md,doc_02_Characterization of mercury species in brown and white rice,local:doc_02_Characterization of mercury species in brown and white rice.md,References,References,12,4000,21,103,
4:a588b8f8-4a1b-4a79-8a1a-924958fc2820:14382,doc_02_Characterization of mercury species in brown and white rice,doc_02_Characterization of mercury species in brown and white rice.md,doc_02_Characterization of mercury species in brown and white rice,local:doc_02_Characterization of mercury species in brown and white rice.md,References,References,13,3588,21,80,
4:a588b8f8-4a1b-4a79-8a1a-924958fc2820:16508,doc_03_Rice consumption contributes to low level methylmercury exposure in southern China,doc_03_Rice consumption contributes to low level methylmercury exposure in southern China.md,Rice consumption contributes to low level methylmercury exposure in southern China,10.1016/j.envint.2012.08.006,Results,Results,0,3998,6,34,MPU
4:a588b8f8-4a1b-4a79-8a1a-924958fc2820:16555,doc_03_Rice consumption contributes to low level methylmercury exposure in southern China,doc_03_Rice consumption contributes to low level methylmercury exposure in southern China.md,Rice consumption contributes to low level methylmercury exposure in southern China,10.1016/j.envint.2012.08.006,Methods_Materials,Methods_Materials,0,3995,44,177,EEM|MPU|EBM
4:a588b8f8-4a1b-4a79-8a1a-924958fc2820:16612,doc_03_Rice consumption contributes to low level methylmercury exposure in southern China,doc_03_Rice consumption contributes to low level methylmercury exposure in southern China.md,Rice consumption contributes to low level methylmercury exposure in southern China,10.1016/j.envint.2012.08.006,Results,Results,0,3999,1,12,MPU
4:a588b8f8-4a1b-4a79-8a1a-924958fc2820:16705,doc_03_Rice consumption contributes to low level methylmercury exposure in southern China,doc_03_Rice consumption contributes to low level methylmercury exposure in southern China.md,Rice consumption contributes to low level methylmercury exposure in southern China,10.1016/j.envint.2012.08.006,Results,Results,0,3999,1,14,
4:a588b8f8-4a1b-4a79-8a1a-924958fc2820:16915,doc_03_Rice consumption contributes to low level methylmercury exposure in southern China,doc_03_Rice consumption contributes to low level methylmercury exposure in southern China.md,Rice consumption contributes to low level methylmercury exposure in southern China,10.1016/j.envint.2012.08.006,Results,Results,0,3996,2,0,
4:a588b8f8-4a1b-4a79-8a1a-924958fc2820:16970,doc_03_Rice consumption contributes to low level methylmercury exposure in southern China,doc_03_Rice consumption contributes to low level methylmercury exposure in southern China.md,Rice consumption contributes to low level methylmercury exposure in southern China,10.1016/j.envint.2012.08.006,Results,Results,0,3994,2,12,EEM
4:a588b8f8-4a1b-4a79-8a1a-924958fc2820:17153,doc_03_Rice consumption contributes to low level methylmercury exposure in southern China,doc_03_Rice consumption contributes to low level methylmercury exposure in southern China.md,Rice consumption contributes to low level methylmercury exposure in southern China,10.1016/j.envint.2012.08.006,Other,Other,0,3996,21,104,MPU|EBM|EEM
4:a588b8f8-4a1b-4a79-8a1a-924958fc2820:16509,doc_03_Rice consumption contributes to low level methylmercury exposure in southern China,doc_03_Rice consumption contributes to low level methylmercury exposure in southern China.md,Rice consumption contributes to low level methylmercury exposure in southern China,10.1016/j.envint.2012.08.006,Discussion,Discussion,1,3992,6,39,MPU
4:a588b8f8-4a1b-4a79-8a1a-924958fc2820:16556,doc_03_Rice consumption contributes to low level methylmercury exposure in southern China,doc_03_Rice consumption contributes to low level methylmercury exposure in southern China.md,Rice consumption contributes to low level methylmercury exposure in southern China,10.1016/j.envint.2012.08.006,Methods_Materials,Methods_Materials,1,3999,1,3,
4:a588b8f8-4a1b-4a79-8a1a-924958fc2820:16613,doc_03_Rice consumption contributes to low level methylmercury exposure in southern China,doc_03_Rice consumption contributes to low level methylmercury exposure in southern China.md,Rice consumption contributes to low level methylmercury exposure in southern China,10.1016/j.envint.2012.08.006,Introduction,Introduction,1,4000,1,10,
4:a588b8f8-4a1b-4a79-8a1a-924958fc2820:16706,doc_03_Rice consumption contributes to low level methylmercury exposure in southern China,doc_03_Rice consumption contributes to low level methylmercury exposure in southern China.md,Rice consumption contributes to low level methylmercury exposure in southern China,10.1016/j.envint.2012.08.006,Results,Results,1,4000,1,0,
4:a588b8f8-4a1b-4a79-8a1a-924958fc2820:16752,doc_03_Rice consumption contributes to low level methylmercury exposure in southern China,doc_03_Rice consumption contributes to low level methylmercury exposure in southern China.md,Rice consumption contributes to low level methylmercury exposure in southern China,10.1016/j.envint.2012.08.006,Methods_Materials,Methods_Materials,1,2110,43,103,EEM|EBM
4:a588b8f8-4a1b-4a79-8a1a-924958fc2820:16916,doc_03_Rice consumption contributes to low level methylmercury exposure in southern China,doc_03_Rice consumption contributes to low level methylmercury exposure in southern China.md,Rice consumption contributes to low level methylmercury exposure in southern China,10.1016/j.envint.2012.08.006,Introduction,Introduction,1,2133,1,2,EEM
4:a588b8f8-4a1b-4a79-8a1a-924958fc2820:16971,doc_03_Rice consumption contributes to low level methylmercury exposure in southern China,doc_03_Rice consumption contributes to low level methylmercury exposure in southern China.md,Rice consumption contributes to low level methylmercury exposure in southern China,10.1016/j.envint.2012.08.006,Methods_Materials,Methods_Materials,1,4000,2,20,EEM
4:a588b8f8-4a1b-4a79-8a1a-924958fc2820:17042,doc_03_Rice consumption contributes to low level methylmercury exposure in southern China,doc_03_Rice consumption contributes to low level methylmercury exposure in southern China.md,Rice consumption contributes to low level methylmercury exposure in southern China,10.1016/j.envint.2012.08.006,Introduction,Introduction,1,3999,1,2,EEM
4:a588b8f8-4a1b-4a79-8a1a-924958fc2820:17154,doc_03_Rice consumption contributes to low level methylmercury exposure in southern China,doc_03_Rice consumption contributes to low level methylmercury exposure in southern China.md,Rice consumption contributes to low level methylmercury exposure in southern China,10.1016/j.envint.2012.08.006,Results,Results,1,4000,21,193,MPU|EBM
4:a588b8f8-4a1b-4a79-8a1a-924958fc2820:16510,doc_03_Rice consumption contributes to low level methylmercury exposure in southern China,doc_03_Rice consumption contributes to low level methylmercury exposure in southern China.md,Rice consumption contributes to low level methylmercury exposure in southern China,10.1016/j.envint.2012.08.006,Discussion,Discussion,2,3994,6,27,MPU
4:a588b8f8-4a1b-4a79-8a1a-924958fc2820:16557,doc_03_Rice consumption contributes to low level methylmercury exposure in southern China,doc_03_Rice consumption contributes to low level methylmercury exposure in southern China.md,Rice consumption contributes to low level methylmercury exposure in southern China,10.1016/j.envint.2012.08.006,Methods_Materials,Methods_Materials,2,3996,1,0,
4:a588b8f8-4a1b-4a79-8a1a-924958fc2820:16614,doc_03_Rice consumption contributes to low level methylmercury exposure in southern China,doc_03_Rice consumption contributes to low level methylmercury exposure in southern China.md,Rice consumption contributes to low level methylmercury exposure in southern China,10.1016/j.envint.2012.08.006,References,References,2,3997,1,45,MPU
4:a588b8f8-4a1b-4a79-8a1a-924958fc2820:16707,doc_03_Rice consumption contributes to low level methylmercury exposure in southern China,doc_03_Rice consumption contributes to low level methylmercury exposure in southern China.md,Rice consumption contributes to low level methylmercury exposure in southern China,10.1016/j.envint.2012.08.006,Methods_Materials,Methods_Materials,2,3996,1,9,MPU
4:a588b8f8-4a1b-4a79-8a1a-924958fc2820:16972,doc_03_Rice consumption contributes to low level methylmercury exposure in southern China,doc_03_Rice consumption contributes to low level methylmercury exposure in southern China.md,Rice consumption contributes to low level methylmercury exposure in southern China,10.1016/j.envint.2012.08.006,Discussion,Discussion,2,3999,2,15,
4:a588b8f8-4a1b-4a79-8a1a-924958fc2820:17043,doc_03_Rice consumption contributes to low level methylmercury exposure in southern China,doc_03_Rice consumption contributes to low level methylmercury exposure in southern China.md,Rice consumption contributes to low level methylmercury exposure in southern China,10.1016/j.envint.2012.08.006,Methods_Materials,Methods_Materials,2,3999,1,2,EEM
4:a588b8f8-4a1b-4a79-8a1a-924958fc2820:17155,doc_03_Rice consumption contributes to low level methylmercury exposure in southern China,doc_03_Rice consumption contributes to low level methylmercury exposure in southern China.md,Rice consumption contributes to low level methylmercury exposure in southern China,10.1016/j.envint.2012.08.006,Introduction,Introduction,2,3997,21,109,MPU|EBM
4:a588b8f8-4a1b-4a79-8a1a-924958fc2820:16511,doc_03_Rice consumption contributes to low level methylmercury exposure in southern China,doc_03_Rice consumption contributes to low level methylmercury exposure in southern China.md,Rice consumption contributes to low level methylmercury exposure in southern China,10.1016/j.envint.2012.08.006,Discussion,Discussion,3,3997,6,41,MPU
4:a588b8f8-4a1b-4a79-8a1a-924958fc2820:16558,doc_03_Rice consumption contributes to low level methylmercury exposure in southern China,doc_03_Rice consumption contributes to low level methylmercury exposure in southern China.md,Rice consumption contributes to low level methylmercury exposure in southern China,10.1016/j.envint.2012.08.006,Discussion,Discussion,3,3999,1,2,MPU
4:a588b8f8-4a1b-4a79-8a1a-924958fc2820:16615,doc_03_Rice consumption contributes to low level methylmercury exposure in southern China,doc_03_Rice consumption contributes to low level methylmercury exposure in southern China.md,Rice consumption contributes to low level methylmercury exposure in southern China,10.1016/j.envint.2012.08.006,References,References,3,1852,1,21,MPU
4:a588b8f8-4a1b-4a79-8a1a-924958fc2820:16708,doc_03_Rice consumption contributes to low level methylmercury exposure in southern China,doc_03_Rice consumption contributes to low level methylmercury exposure in southern China.md,Rice consumption contributes to low level methylmercury exposure in southern China,10.1016/j.envint.2012.08.006,Discussion,Discussion,3,3999,1,11,
4:a588b8f8-4a1b-4a79-8a1a-924958fc2820:16973,doc_03_Rice consumption contributes to low level methylmercury exposure in southern China,doc_03_Rice consumption contributes to low level methylmercury exposure in southern China.md,Rice consumption contributes to low level methylmercury exposure in southern China,10.1016/j.envint.2012.08.006,Discussion,Discussion,3,1245,2,2,
4:a588b8f8-4a1b-4a79-8a1a-924958fc2820:17044,doc_03_Rice consumption contributes to low level methylmercury exposure in southern China,doc_03_Rice consumption contributes to low level methylmercury exposure in southern China.md,Rice consumption contributes to low level methylmercury exposure in southern China,10.1016/j.envint.2012.08.006,Other,,3,446,1,1,
4:a588b8f8-4a1b-4a79-8a1a-924958fc2820:17156,doc_03_Rice consumption contributes to low level methylmercury exposure in southern China,doc_03_Rice consumption contributes to low level methylmercury exposure in southern China.md,Rice consumption contributes to low level methylmercury exposure in southern China,10.1016/j.envint.2012.08.006,Methods_Materials,Methods_Materials,3,4000,21,170,MPU|EEM
4:a588b8f8-4a1b-4a79-8a1a-924958fc2820:16512,doc_03_Rice consumption contributes to low level methylmercury exposure in southern China,doc_03_Rice consumption contributes to low level methylmercury exposure in southern China.md,Rice consumption contributes to low level methylmercury exposure in southern China,10.1016/j.envint.2012.08.006,Discussion,Discussion,4,3991,6,40,MPU
4:a588b8f8-4a1b-4a79-8a1a-924958fc2820:16559,doc_03_Rice consumption contributes to low level methylmercury exposure in southern China,doc_03_Rice consumption contributes to low level methylmercury exposure in southern China.md,Rice consumption contributes to low level methylmercury exposure in southern China,10.1016/j.envint.2012.08.006,Discussion,Discussion,4,3677,1,7,
4:a588b8f8-4a1b-4a79-8a1a-924958fc2820:16709,doc_03_Rice consumption contributes to low level methylmercury exposure in southern China,doc_03_Rice consumption contributes to low level methylmercury exposure in southern China.md,Rice consumption contributes to low level methylmercury exposure in southern China,10.1016/j.envint.2012.08.006,Discussion,Discussion,4,3997,1,0,
4:a588b8f8-4a1b-4a79-8a1a-924958fc2820:17157,doc_03_Rice consumption contributes to low level methylmercury exposure in southern China,doc_03_Rice consumption contributes to low level methylmercury exposure in southern China.md,Rice consumption contributes to low level methylmercury exposure in southern China,10.1016/j.envint.2012.08.006,Methods_Materials,Methods_Materials,4,4000,21,71,MPU|EBM|EEM
4:a588b8f8-4a1b-4a79-8a1a-924958fc2820:16513,doc_03_Rice consumption contributes to low level methylmercury exposure in southern China,doc_03_Rice consumption contributes to low level methylmercury exposure in southern China.md,Rice consumption contributes to low level methylmercury exposure in southern China,10.1016/j.envint.2012.08.006,Discussion,Discussion,5,701,6,15,MPU
4:a588b8f8-4a1b-4a79-8a1a-924958fc2820:16710,doc_03_Rice consumption contributes to low level methylmercury exposure in southern China,doc_03_Rice consumption contributes to low level methylmercury exposure in southern China.md,Rice consumption contributes to low level methylmercury exposure in southern China,10.1016/j.envint.2012.08.006,Discussion,Discussion,5,3995,1,0,
4:a588b8f8-4a1b-4a79-8a1a-924958fc2820:17158,doc_03_Rice consumption contributes to low level methylmercury exposure in southern China,doc_03_Rice consumption contributes to low level methylmercury exposure in southern China.md,Rice consumption contributes to low level methylmercury exposure in southern China,10.1016/j.envint.2012.08.006,Discussion,Discussion,5,4000,21,134,MPU|EEM
4:a588b8f8-4a1b-4a79-8a1a-924958fc2820:16711,doc_03_Rice consumption contributes to low level methylmercury exposure in southern China,doc_03_Rice consumption contributes to low level methylmercury exposure in southern China.md,Rice consumption contributes to low level methylmercury exposure in southern China,10.1016/j.envint.2012.08.006,Discussion,Discussion,6,2786,1,4,
4:a588b8f8-4a1b-4a79-8a1a-924958fc2820:17159,doc_03_Rice consumption contributes to low level methylmercury exposure in southern China,doc_03_Rice consumption contributes to low level methylmercury exposure in southern China.md,Rice consumption contributes to low level methylmercury exposure in southern China,10.1016/j.envint.2012.08.006,Discussion,Discussion,6,3999,21,149,MPU|EEM
4:a588b8f8-4a1b-4a79-8a1a-924958fc2820:17160,doc_03_Rice consumption contributes to low level methylmercury exposure in southern China,doc_03_Rice consumption contributes to low level methylmercury exposure in southern China.md,Rice consumption contributes to low level methylmercury exposure in southern China,10.1016/j.envint.2012.08.006,Discussion,Discussion,7,3999,21,143,MPU|EBM|EEM
4:a588b8f8-4a1b-4a79-8a1a-924958fc2820:17161,doc_03_Rice consumption contributes to low level methylmercury exposure in southern China,doc_03_Rice consumption contributes to low level methylmercury exposure in southern China.md,Rice consumption contributes to low level methylmercury exposure in southern China,10.1016/j.envint.2012.08.006,Discussion,Discussion,8,3995,21,104,MPU
4:a588b8f8-4a1b-4a79-8a1a-924958fc2820:17162,doc_03_Rice consumption contributes to low level methylmercury exposure in southern China,doc_03_Rice consumption contributes to low level methylmercury exposure in southern China.md,Rice consumption contributes to low level methylmercury exposure in southern China,10.1016/j.envint.2012.08.006,References,References,9,3993,21,155,MPU
4:a588b8f8-4a1b-4a79-8a1a-924958fc2820:17163,doc_03_Rice consumption contributes to low level methylmercury exposure in southern China,doc_03_Rice consumption contributes to low level methylmercury exposure in southern China.md,Rice consumption contributes to low level methylmercury exposure in southern China,10.1016/j.envint.2012.08.006,References,References,10,1717,21,56,MPU|EEM
