chunk_id,document_id,chunk_index,section,EBM_num,EEM_num,MPU_num,triple_total,unassigned
4:a588b8f8-4a1b-4a79-8a1a-924958fc2820:10045,doc_01_Dietary intake of minerals and trace elements in rice on the Jamaican market,0,Methods_Materials,0,1,0,1,0
4:a588b8f8-4a1b-4a79-8a1a-924958fc2820:10182,doc_01_Dietary intake of minerals and trace elements in rice on the Jamaican market,0,Methods_Materials,0,9,21,22,0
4:a588b8f8-4a1b-4a79-8a1a-924958fc2820:8867,doc_01_Dietary intake of minerals and trace elements in rice on the Jamaican market,0,Results,0,0,11,11,0
4:a588b8f8-4a1b-4a79-8a1a-924958fc2820:9012,doc_01_Dietary intake of minerals and trace elements in rice on the Jamaican market,0,Methods_Materials,91,91,3,108,1
4:a588b8f8-4a1b-4a79-8a1a-924958fc2820:9208,doc_01_Dietary intake of minerals and trace elements in rice on the Jamaican market,0,Introduction,0,0,5,5,0
4:a588b8f8-4a1b-4a79-8a1a-924958fc2820:9217,doc_01_Dietary intake of minerals and trace elements in rice on the Jamaican market,0,Results,0,0,4,4,0
4:a588b8f8-4a1b-4a79-8a1a-924958fc2820:9694,doc_01_Dietary intake of minerals and trace elements in rice on the Jamaican market,0,Abstract,0,1,0,1,0
4:a588b8f8-4a1b-4a79-8a1a-924958fc2820:9888,doc_01_Dietary intake of minerals and trace elements in rice on the Jamaican market,0,Methods_Materials,4,4,0,4,0
4:a588b8f8-4a1b-4a79-8a1a-924958fc2820:10046,doc_01_Dietary intake of minerals and trace elements in rice on the Jamaican market,1,Introduction,0,1,0,1,0
4:a588b8f8-4a1b-4a79-8a1a-924958fc2820:10183,doc_01_Dietary intake of minerals and trace elements in rice on the Jamaican market,1,Introduction,0,6,14,14,0
4:a588b8f8-4a1b-4a79-8a1a-924958fc2820:8868,doc_01_Dietary intake of minerals and trace elements in rice on the Jamaican market,1,Results,0,0,6,6,0
4:a588b8f8-4a1b-4a79-8a1a-924958fc2820:9013,doc_01_Dietary intake of minerals and trace elements in rice on the Jamaican market,1,Methods_Materials,39,51,2,56,1
4:a588b8f8-4a1b-4a79-8a1a-924958fc2820:9218,doc_01_Dietary intake of minerals and trace elements in rice on the Jamaican market,1,Results,0,0,8,8,0
4:a588b8f8-4a1b-4a79-8a1a-924958fc2820:9695,doc_01_Dietary intake of minerals and trace elements in rice on the Jamaican market,1,Introduction,0,1,0,1,0
4:a588b8f8-4a1b-4a79-8a1a-924958fc2820:9889,doc_01_Dietary intake of minerals and trace elements in rice on the Jamaican market,1,Methods_Materials,1,1,0,1,0
4:a588b8f8-4a1b-4a79-8a1a-924958fc2820:10047,doc_01_Dietary intake of minerals and trace elements in rice on the Jamaican market,2,Methods_Materials,0,1,0,1,0
4:a588b8f8-4a1b-4a79-8a1a-924958fc2820:10184,doc_01_Dietary intake of minerals and trace elements in rice on the Jamaican market,2,Methods_Materials,0,5,14,14,0
4:a588b8f8-4a1b-4a79-8a1a-924958fc2820:8869,doc_01_Dietary intake of minerals and trace elements in rice on the Jamaican market,2,Discussion,0,0,9,9,0
4:a588b8f8-4a1b-4a79-8a1a-924958fc2820:9014,doc_01_Dietary intake of minerals and trace elements in rice on the Jamaican market,2,Other,23,32,0,32,0
4:a588b8f8-4a1b-4a79-8a1a-924958fc2820:9219,doc_01_Dietary intake of minerals and trace elements in rice on the Jamaican market,2,Discussion,0,0,3,3,0
4:a588b8f8-4a1b-4a79-8a1a-924958fc2820:9890,doc_01_Dietary intake of minerals and trace elements in rice on the Jamaican market,2,Other,4,4,0,4,0
4:a588b8f8-4a1b-4a79-8a1a-924958fc2820:10048,doc_01_Dietary intake of minerals and trace elements in rice on the Jamaican market,3,Methods_Materials,0,0,0,0,0
4:a588b8f8-4a1b-4a79-8a1a-924958fc2820:10185,doc_01_Dietary intake of minerals and trace elements in rice on the Jamaican market,3,Methods_Materials,0,16,26,26,0
4:a588b8f8-4a1b-4a79-8a1a-924958fc2820:8870,doc_01_Dietary intake of minerals and trace elements in rice on the Jamaican market,3,Discussion,0,0,12,12,0
4:a588b8f8-4a1b-4a79-8a1a-924958fc2820:9015,doc_01_Dietary intake of minerals and trace elements in rice on the Jamaican market,3,Discussion,0,0,2,2,0
4:a588b8f8-4a1b-4a79-8a1a-924958fc2820:9220,doc_01_Dietary intake of minerals and trace elements in rice on the Jamaican market,3,Discussion,0,0,4,4,0
4:a588b8f8-4a1b-4a79-8a1a-924958fc2820:9412,doc_01_Dietary intake of minerals and trace elements in rice on the Jamaican market,3,Other,0,2,0,2,0
4:a588b8f8-4a1b-4a79-8a1a-924958fc2820:9891,doc_01_Dietary intake of minerals and trace elements in rice on the Jamaican market,3,Results,2,2,0,2,0
4:a588b8f8-4a1b-4a79-8a1a-924958fc2820:10049,doc_01_Dietary intake of minerals and trace elements in rice on the Jamaican market,4,Other,0,0,0,0,0
4:a588b8f8-4a1b-4a79-8a1a-924958fc2820:10186,doc_01_Dietary intake of minerals and trace elements in rice on the Jamaican market,4,Results,0,7,13,14,0
4:a588b8f8-4a1b-4a79-8a1a-924958fc2820:8871,doc_01_Dietary intake of minerals and trace elements in rice on the Jamaican market,4,Other,0,0,1,1,0
4:a588b8f8-4a1b-4a79-8a1a-924958fc2820:9016,doc_01_Dietary intake of minerals and trace elements in rice on the Jamaican market,4,Discussion,0,0,0,0,0
4:a588b8f8-4a1b-4a79-8a1a-924958fc2820:9221,doc_01_Dietary intake of minerals and trace elements in rice on the Jamaican market,4,Discussion,0,0,1,1,0
4:a588b8f8-4a1b-4a79-8a1a-924958fc2820:9892,doc_01_Dietary intake of minerals and trace elements in rice on the Jamaican market,4,Results,0,0,0,0,0
4:a588b8f8-4a1b-4a79-8a1a-924958fc2820:10187,doc_01_Dietary intake of minerals and trace elements in rice on the Jamaican market,5,Results,0,2,28,29,0
4:a588b8f8-4a1b-4a79-8a1a-924958fc2820:8872,doc_01_Dietary intake of minerals and trace elements in rice on the Jamaican market,5,Discussion,0,0,23,23,0
4:a588b8f8-4a1b-4a79-8a1a-924958fc2820:9017,doc_01_Dietary intake of minerals and trace elements in rice on the Jamaican market,5,Other,0,0,0,0,0
4:a588b8f8-4a1b-4a79-8a1a-924958fc2820:9222,doc_01_Dietary intake of minerals and trace elements in rice on the Jamaican market,5,Other,0,0,0,0,0
4:a588b8f8-4a1b-4a79-8a1a-924958fc2820:9893,doc_01_Dietary intake of minerals and trace elements in rice on the Jamaican market,5,Results,0,0,0,0,0
4:a588b8f8-4a1b-4a79-8a1a-924958fc2820:10188,doc_01_Dietary intake of minerals and trace elements in rice on the Jamaican market,6,Discussion,3,4,15,18,0
4:a588b8f8-4a1b-4a79-8a1a-924958fc2820:8873,doc_01_Dietary intake of minerals and trace elements in rice on the Jamaican market,6,Discussion,0,0,17,17,0
4:a588b8f8-4a1b-4a79-8a1a-924958fc2820:9018,doc_01_Dietary intake of minerals and trace elements in rice on the Jamaican market,6,Discussion,0,0,0,0,0
4:a588b8f8-4a1b-4a79-8a1a-924958fc2820:9223,doc_01_Dietary intake of minerals and trace elements in rice on the Jamaican market,6,Discussion,0,0,0,0,0
4:a588b8f8-4a1b-4a79-8a1a-924958fc2820:9894,doc_01_Dietary intake of minerals and trace elements in rice on the Jamaican market,6,Results,0,0,0,0,0
4:a588b8f8-4a1b-4a79-8a1a-924958fc2820:10189,doc_01_Dietary intake of minerals and trace elements in rice on the Jamaican market,7,Discussion,5,5,6,11,0
4:a588b8f8-4a1b-4a79-8a1a-924958fc2820:8874,doc_01_Dietary intake of minerals and trace elements in rice on the Jamaican market,7,Discussion,0,0,9,9,0
4:a588b8f8-4a1b-4a79-8a1a-924958fc2820:9019,doc_01_Dietary intake of minerals and trace elements in rice on the Jamaican market,7,Discussion,0,0,0,0,0
4:a588b8f8-4a1b-4a79-8a1a-924958fc2820:9224,doc_01_Dietary intake of minerals and trace elements in rice on the Jamaican market,7,Discussion,0,0,0,0,0
4:a588b8f8-4a1b-4a79-8a1a-924958fc2820:9895,doc_01_Dietary intake of minerals and trace elements in rice on the Jamaican market,7,Other,0,0,0,0,0
4:a588b8f8-4a1b-4a79-8a1a-924958fc2820:10190,doc_01_Dietary intake of minerals and trace elements in rice on the Jamaican market,8,Discussion,0,0,0,0,0
4:a588b8f8-4a1b-4a79-8a1a-924958fc2820:8875,doc_01_Dietary intake of minerals and trace elements in rice on the Jamaican market,8,Discussion,0,0,9,9,0
4:a588b8f8-4a1b-4a79-8a1a-924958fc2820:9020,doc_01_Dietary intake of minerals and trace elements in rice on the Jamaican market,8,Discussion,0,0,0,0,0
4:a588b8f8-4a1b-4a79-8a1a-924958fc2820:9225,doc_01_Dietary intake of minerals and trace elements in rice on the Jamaican market,8,Discussion,0,0,0,0,0
4:a588b8f8-4a1b-4a79-8a1a-924958fc2820:10191,doc_01_Dietary intake of minerals and trace elements in rice on the Jamaican market,9,Discussion,6,7,5,11,0
4:a588b8f8-4a1b-4a79-8a1a-924958fc2820:8876,doc_01_Dietary intake of minerals and trace elements in rice on the Jamaican market,9,Discussion,0,0,6,6,0
4:a588b8f8-4a1b-4a79-8a1a-924958fc2820:9021,doc_01_Dietary intake of minerals and trace elements in rice on the Jamaican market,9,Discussion,0,0,0,0,0
4:a588b8f8-4a1b-4a79-8a1a-924958fc2820:9226,doc_01_Dietary intake of minerals and trace elements in rice on the Jamaican market,9,Discussion,0,0,4,4,0
4:a588b8f8-4a1b-4a79-8a1a-924958fc2820:10192,doc_01_Dietary intake of minerals and trace elements in rice on the Jamaican market,10,Discussion,14,19,23,37,0
4:a588b8f8-4a1b-4a79-8a1a-924958fc2820:8877,doc_01_Dietary intake of minerals and trace elements in rice on the Jamaican market,10,Discussion,0,0,2,2,0
4:a588b8f8-4a1b-4a79-8a1a-924958fc2820:9022,doc_01_Dietary intake of minerals and trace elements in rice on the Jamaican market,10,Discussion,0,0,0,0,0
4:a588b8f8-4a1b-4a79-8a1a-924958fc2820:9227,doc_01_Dietary intake of minerals and trace elements in rice on the Jamaican market,10,Discussion,0,0,6,6,0
4:a588b8f8-4a1b-4a79-8a1a-924958fc2820:10193,doc_01_Dietary intake of minerals and trace elements in rice on the Jamaican market,11,Discussion,0,0,13,13,0
4:a588b8f8-4a1b-4a79-8a1a-924958fc2820:8878,doc_01_Dietary intake of minerals and trace elements in rice on the Jamaican market,11,Discussion,0,0,2,2,0
4:a588b8f8-4a1b-4a79-8a1a-924958fc2820:9023,doc_01_Dietary intake of minerals and trace elements in rice on the Jamaican market,11,Discussion,0,0,2,2,0
4:a588b8f8-4a1b-4a79-8a1a-924958fc2820:9228,doc_01_Dietary intake of minerals and trace elements in rice on the Jamaican market,11,Discussion,0,0,0,0,0
4:a588b8f8-4a1b-4a79-8a1a-924958fc2820:10194,doc_01_Dietary intake of minerals and trace elements in rice on the Jamaican market,12,Discussion,0,1,31,31,0
4:a588b8f8-4a1b-4a79-8a1a-924958fc2820:8879,doc_01_Dietary intake of minerals and trace elements in rice on the Jamaican market,12,Discussion,0,0,6,6,0
4:a588b8f8-4a1b-4a79-8a1a-924958fc2820:9024,doc_01_Dietary intake of minerals and trace elements in rice on the Jamaican market,12,Discussion,0,0,0,0,0
4:a588b8f8-4a1b-4a79-8a1a-924958fc2820:9229,doc_01_Dietary intake of minerals and trace elements in rice on the Jamaican market,12,Discussion,0,0,0,0,0
4:a588b8f8-4a1b-4a79-8a1a-924958fc2820:10195,doc_01_Dietary intake of minerals and trace elements in rice on the Jamaican market,13,Discussion,0,4,46,46,0
4:a588b8f8-4a1b-4a79-8a1a-924958fc2820:8880,doc_01_Dietary intake of minerals and trace elements in rice on the Jamaican market,13,Discussion,0,0,4,4,0
4:a588b8f8-4a1b-4a79-8a1a-924958fc2820:9025,doc_01_Dietary intake of minerals and trace elements in rice on the Jamaican market,13,Discussion,0,0,0,0,0
4:a588b8f8-4a1b-4a79-8a1a-924958fc2820:9230,doc_01_Dietary intake of minerals and trace elements in rice on the Jamaican market,13,Discussion,0,0,1,1,0
4:a588b8f8-4a1b-4a79-8a1a-924958fc2820:10196,doc_01_Dietary intake of minerals and trace elements in rice on the Jamaican market,14,Discussion,0,2,21,22,0
4:a588b8f8-4a1b-4a79-8a1a-924958fc2820:8881,doc_01_Dietary intake of minerals and trace elements in rice on the Jamaican market,14,Discussion,0,0,16,16,0
4:a588b8f8-4a1b-4a79-8a1a-924958fc2820:9026,doc_01_Dietary intake of minerals and trace elements in rice on the Jamaican market,14,Discussion,0,0,0,0,0
4:a588b8f8-4a1b-4a79-8a1a-924958fc2820:9231,doc_01_Dietary intake of minerals and trace elements in rice on the Jamaican market,14,Discussion,0,0,5,5,0
4:a588b8f8-4a1b-4a79-8a1a-924958fc2820:10197,doc_01_Dietary intake of minerals and trace elements in rice on the Jamaican market,15,Discussion,4,4,0,4,0
4:a588b8f8-4a1b-4a79-8a1a-924958fc2820:8882,doc_01_Dietary intake of minerals and trace elements in rice on the Jamaican market,15,Discussion,0,0,15,15,0
4:a588b8f8-4a1b-4a79-8a1a-924958fc2820:9027,doc_01_Dietary intake of minerals and trace elements in rice on the Jamaican market,15,Discussion,0,0,0,0,0
4:a588b8f8-4a1b-4a79-8a1a-924958fc2820:9232,doc_01_Dietary intake of minerals and trace elements in rice on the Jamaican market,15,Discussion,0,0,6,6,0
4:a588b8f8-4a1b-4a79-8a1a-924958fc2820:10198,doc_01_Dietary intake of minerals and trace elements in rice on the Jamaican market,16,Discussion,0,3,3,3,0
4:a588b8f8-4a1b-4a79-8a1a-924958fc2820:8883,doc_01_Dietary intake of minerals and trace elements in rice on the Jamaican market,16,Results,0,0,4,4,0
4:a588b8f8-4a1b-4a79-8a1a-924958fc2820:9028,doc_01_Dietary intake of minerals and trace elements in rice on the Jamaican market,16,Discussion,0,0,0,0,0
4:a588b8f8-4a1b-4a79-8a1a-924958fc2820:9233,doc_01_Dietary intake of minerals and trace elements in rice on the Jamaican market,16,Discussion,0,0,4,4,0
4:a588b8f8-4a1b-4a79-8a1a-924958fc2820:10199,doc_01_Dietary intake of minerals and trace elements in rice on the Jamaican market,17,Discussion,0,2,22,23,0
4:a588b8f8-4a1b-4a79-8a1a-924958fc2820:8884,doc_01_Dietary intake of minerals and trace elements in rice on the Jamaican market,17,Results,0,0,0,0,0
4:a588b8f8-4a1b-4a79-8a1a-924958fc2820:9029,doc_01_Dietary intake of minerals and trace elements in rice on the Jamaican market,17,Other,0,0,0,0,0
4:a588b8f8-4a1b-4a79-8a1a-924958fc2820:9234,doc_01_Dietary intake of minerals and trace elements in rice on the Jamaican market,17,Results,0,0,0,0,0
4:a588b8f8-4a1b-4a79-8a1a-924958fc2820:10200,doc_01_Dietary intake of minerals and trace elements in rice on the Jamaican market,18,Discussion,10,25,40,53,0
4:a588b8f8-4a1b-4a79-8a1a-924958fc2820:8885,doc_01_Dietary intake of minerals and trace elements in rice on the Jamaican market,18,Other,0,0,10,10,0
4:a588b8f8-4a1b-4a79-8a1a-924958fc2820:9235,doc_01_Dietary intake of minerals and trace elements in rice on the Jamaican market,18,Results,0,0,0,0,0
4:a588b8f8-4a1b-4a79-8a1a-924958fc2820:10201,doc_01_Dietary intake of minerals and trace elements in rice on the Jamaican market,19,Discussion,2,6,32,34,0
4:a588b8f8-4a1b-4a79-8a1a-924958fc2820:9236,doc_01_Dietary intake of minerals and trace elements in rice on the Jamaican market,19,Other,0,0,4,4,0
4:a588b8f8-4a1b-4a79-8a1a-924958fc2820:10202,doc_01_Dietary intake of minerals and trace elements in rice on the Jamaican market,20,Discussion,7,7,7,14,0
4:a588b8f8-4a1b-4a79-8a1a-924958fc2820:10203,doc_01_Dietary intake of minerals and trace elements in rice on the Jamaican market,21,Results,0,0,2,2,0
4:a588b8f8-4a1b-4a79-8a1a-924958fc2820:10204,doc_01_Dietary intake of minerals and trace elements in rice on the Jamaican market,22,Results,0,0,0,0,0
4:a588b8f8-4a1b-4a79-8a1a-924958fc2820:13274,doc_02_Characterization of mercury species in brown and white rice,0,Results,0,0,9,9,0
4:a588b8f8-4a1b-4a79-8a1a-924958fc2820:13322,doc_02_Characterization of mercury species in brown and white rice,0,Introduction,110,86,1,124,0
4:a588b8f8-4a1b-4a79-8a1a-924958fc2820:13401,doc_02_Characterization of mercury species in brown and white rice,0,Introduction,0,0,5,5,0
4:a588b8f8-4a1b-4a79-8a1a-924958fc2820:13479,doc_02_Characterization of mercury species in brown and white rice,0,Results,0,0,5,5,0
4:a588b8f8-4a1b-4a79-8a1a-924958fc2820:13997,doc_02_Characterization of mercury species in brown and white rice,0,Abstract,0,2,0,2,0
4:a588b8f8-4a1b-4a79-8a1a-924958fc2820:14118,doc_02_Characterization of mercury species in brown and white rice,0,Results,1,1,0,1,0
4:a588b8f8-4a1b-4a79-8a1a-924958fc2820:14369,doc_02_Characterization of mercury species in brown and white rice,0,Results,9,20,30,41,0
4:a588b8f8-4a1b-4a79-8a1a-924958fc2820:13275,doc_02_Characterization of mercury species in brown and white rice,1,Results,0,0,3,3,0
4:a588b8f8-4a1b-4a79-8a1a-924958fc2820:13323,doc_02_Characterization of mercury species in brown and white rice,1,Introduction,74,83,0,93,3
4:a588b8f8-4a1b-4a79-8a1a-924958fc2820:13402,doc_02_Characterization of mercury species in brown and white rice,1,Introduction,0,0,2,2,0
4:a588b8f8-4a1b-4a79-8a1a-924958fc2820:13480,doc_02_Characterization of mercury species in brown and white rice,1,Introduction,0,0,3,3,0
4:a588b8f8-4a1b-4a79-8a1a-924958fc2820:13998,doc_02_Characterization of mercury species in brown and white rice,1,Introduction,0,1,0,1,0
4:a588b8f8-4a1b-4a79-8a1a-924958fc2820:14119,doc_02_Characterization of mercury species in brown and white rice,1,Introduction,6,6,0,6,0
4:a588b8f8-4a1b-4a79-8a1a-924958fc2820:14241,doc_02_Characterization of mercury species in brown and white rice,1,Introduction,0,1,0,1,0
4:a588b8f8-4a1b-4a79-8a1a-924958fc2820:14370,doc_02_Characterization of mercury species in brown and white rice,1,Introduction,2,5,32,34,0
4:a588b8f8-4a1b-4a79-8a1a-924958fc2820:13276,doc_02_Characterization of mercury species in brown and white rice,2,Results,0,0,16,16,0
4:a588b8f8-4a1b-4a79-8a1a-924958fc2820:13324,doc_02_Characterization of mercury species in brown and white rice,2,Methods_Materials,0,0,0,0,0
4:a588b8f8-4a1b-4a79-8a1a-924958fc2820:13403,doc_02_Characterization of mercury species in brown and white rice,2,References,0,0,0,0,0
4:a588b8f8-4a1b-4a79-8a1a-924958fc2820:13481,doc_02_Characterization of mercury species in brown and white rice,2,Results,0,0,0,0,0
4:a588b8f8-4a1b-4a79-8a1a-924958fc2820:13601,doc_02_Characterization of mercury species in brown and white rice,2,Methods_Materials,15,12,0,20,1
4:a588b8f8-4a1b-4a79-8a1a-924958fc2820:14120,doc_02_Characterization of mercury species in brown and white rice,2,Introduction,3,3,0,3,0
4:a588b8f8-4a1b-4a79-8a1a-924958fc2820:14242,doc_02_Characterization of mercury species in brown and white rice,2,Introduction,0,0,0,0,0
4:a588b8f8-4a1b-4a79-8a1a-924958fc2820:14371,doc_02_Characterization of mercury species in brown and white rice,2,Introduction,0,0,4,4,0
4:a588b8f8-4a1b-4a79-8a1a-924958fc2820:13277,doc_02_Characterization of mercury species in brown and white rice,3,Methods_Materials,0,0,15,15,0
4:a588b8f8-4a1b-4a79-8a1a-924958fc2820:13325,doc_02_Characterization of mercury species in brown and white rice,3,Methods_Materials,0,0,2,2,0
4:a588b8f8-4a1b-4a79-8a1a-924958fc2820:13404,doc_02_Characterization of mercury species in brown and white rice,3,References,0,0,2,2,0
4:a588b8f8-4a1b-4a79-8a1a-924958fc2820:13482,doc_02_Characterization of mercury species in brown and white rice,3,Results,0,0,1,1,0
4:a588b8f8-4a1b-4a79-8a1a-924958fc2820:14121,doc_02_Characterization of mercury species in brown and white rice,3,Results,2,2,0,2,0
4:a588b8f8-4a1b-4a79-8a1a-924958fc2820:14243,doc_02_Characterization of mercury species in brown and white rice,3,Introduction,0,0,0,0,0
4:a588b8f8-4a1b-4a79-8a1a-924958fc2820:14372,doc_02_Characterization of mercury species in brown and white rice,3,Introduction,0,5,18,18,0
4:a588b8f8-4a1b-4a79-8a1a-924958fc2820:13278,doc_02_Characterization of mercury species in brown and white rice,4,Methods_Materials,0,0,24,24,0
4:a588b8f8-4a1b-4a79-8a1a-924958fc2820:13326,doc_02_Characterization of mercury species in brown and white rice,4,Discussion,0,0,1,1,0
4:a588b8f8-4a1b-4a79-8a1a-924958fc2820:13405,doc_02_Characterization of mercury species in brown and white rice,4,References,0,0,6,6,0
4:a588b8f8-4a1b-4a79-8a1a-924958fc2820:13483,doc_02_Characterization of mercury species in brown and white rice,4,Methods_Materials,0,0,0,0,0
4:a588b8f8-4a1b-4a79-8a1a-924958fc2820:14122,doc_02_Characterization of mercury species in brown and white rice,4,Results,1,1,0,1,0
4:a588b8f8-4a1b-4a79-8a1a-924958fc2820:14244,doc_02_Characterization of mercury species in brown and white rice,4,Results,0,0,0,0,0
4:a588b8f8-4a1b-4a79-8a1a-924958fc2820:14373,doc_02_Characterization of mercury species in brown and white rice,4,Introduction,0,16,55,56,0
4:a588b8f8-4a1b-4a79-8a1a-924958fc2820:13279,doc_02_Characterization of mercury species in brown and white rice,5,Discussion,0,0,15,15,0
4:a588b8f8-4a1b-4a79-8a1a-924958fc2820:13327,doc_02_Characterization of mercury species in brown and white rice,5,Discussion,0,0,0,0,0
4:a588b8f8-4a1b-4a79-8a1a-924958fc2820:13484,doc_02_Characterization of mercury species in brown and white rice,5,Results,0,0,6,6,0
4:a588b8f8-4a1b-4a79-8a1a-924958fc2820:14123,doc_02_Characterization of mercury species in brown and white rice,5,Methods_Materials,4,4,0,4,0
4:a588b8f8-4a1b-4a79-8a1a-924958fc2820:14374,doc_02_Characterization of mercury species in brown and white rice,5,Results,0,0,2,2,0
4:a588b8f8-4a1b-4a79-8a1a-924958fc2820:13280,doc_02_Characterization of mercury species in brown and white rice,6,Discussion,0,0,5,5,0
4:a588b8f8-4a1b-4a79-8a1a-924958fc2820:13485,doc_02_Characterization of mercury species in brown and white rice,6,Methods_Materials,0,0,2,2,0
4:a588b8f8-4a1b-4a79-8a1a-924958fc2820:14124,doc_02_Characterization of mercury species in brown and white rice,6,Results,3,3,0,3,0
4:a588b8f8-4a1b-4a79-8a1a-924958fc2820:14375,doc_02_Characterization of mercury species in brown and white rice,6,Results,7,12,33,41,0
4:a588b8f8-4a1b-4a79-8a1a-924958fc2820:13486,doc_02_Characterization of mercury species in brown and white rice,7,Discussion,0,0,7,7,0
4:a588b8f8-4a1b-4a79-8a1a-924958fc2820:14376,doc_02_Characterization of mercury species in brown and white rice,7,Methods_Materials,0,11,34,36,0
4:a588b8f8-4a1b-4a79-8a1a-924958fc2820:13487,doc_02_Characterization of mercury species in brown and white rice,8,Discussion,0,0,8,8,0
4:a588b8f8-4a1b-4a79-8a1a-924958fc2820:14377,doc_02_Characterization of mercury species in brown and white rice,8,Methods_Materials,6,20,38,47,0
4:a588b8f8-4a1b-4a79-8a1a-924958fc2820:14378,doc_02_Characterization of mercury species in brown and white rice,9,Discussion,6,17,58,65,0
4:a588b8f8-4a1b-4a79-8a1a-924958fc2820:14379,doc_02_Characterization of mercury species in brown and white rice,10,Discussion,0,4,12,13,0
4:a588b8f8-4a1b-4a79-8a1a-924958fc2820:14380,doc_02_Characterization of mercury species in brown and white rice,11,References,0,0,2,2,0
4:a588b8f8-4a1b-4a79-8a1a-924958fc2820:14381,doc_02_Characterization of mercury species in brown and white rice,12,References,0,0,0,0,0
4:a588b8f8-4a1b-4a79-8a1a-924958fc2820:14382,doc_02_Characterization of mercury species in brown and white rice,13,References,0,0,0,0,0
4:a588b8f8-4a1b-4a79-8a1a-924958fc2820:16508,doc_03_Rice consumption contributes to low level methylmercury exposure in southern China,0,Results,0,0,9,9,0
4:a588b8f8-4a1b-4a79-8a1a-924958fc2820:16555,doc_03_Rice consumption contributes to low level methylmercury exposure in southern China,0,Methods_Materials,65,61,4,85,2
4:a588b8f8-4a1b-4a79-8a1a-924958fc2820:16612,doc_03_Rice consumption contributes to low level methylmercury exposure in southern China,0,Results,0,0,5,5,0
4:a588b8f8-4a1b-4a79-8a1a-924958fc2820:16705,doc_03_Rice consumption contributes to low level methylmercury exposure in southern China,0,Results,0,0,0,0,0
4:a588b8f8-4a1b-4a79-8a1a-924958fc2820:16915,doc_03_Rice consumption contributes to low level methylmercury exposure in southern China,0,Results,0,0,0,0,0
4:a588b8f8-4a1b-4a79-8a1a-924958fc2820:16970,doc_03_Rice consumption contributes to low level methylmercury exposure in southern China,0,Results,3,3,0,3,0
4:a588b8f8-4a1b-4a79-8a1a-924958fc2820:17153,doc_03_Rice consumption contributes to low level methylmercury exposure in southern China,0,Other,4,11,47,52,0
4:a588b8f8-4a1b-4a79-8a1a-924958fc2820:16509,doc_03_Rice consumption contributes to low level methylmercury exposure in southern China,1,Discussion,0,0,12,12,0
4:a588b8f8-4a1b-4a79-8a1a-924958fc2820:16556,doc_03_Rice consumption contributes to low level methylmercury exposure in southern China,1,Methods_Materials,0,0,0,0,0
4:a588b8f8-4a1b-4a79-8a1a-924958fc2820:16613,doc_03_Rice consumption contributes to low level methylmercury exposure in southern China,1,Introduction,0,0,0,0,0
4:a588b8f8-4a1b-4a79-8a1a-924958fc2820:16706,doc_03_Rice consumption contributes to low level methylmercury exposure in southern China,1,Results,0,0,0,0,0
4:a588b8f8-4a1b-4a79-8a1a-924958fc2820:16752,doc_03_Rice consumption contributes to low level methylmercury exposure in southern China,1,Methods_Materials,37,37,0,47,0
4:a588b8f8-4a1b-4a79-8a1a-924958fc2820:16916,doc_03_Rice consumption contributes to low level methylmercury exposure in southern China,1,Introduction,0,1,0,1,0
4:a588b8f8-4a1b-4a79-8a1a-924958fc2820:16971,doc_03_Rice consumption contributes to low level methylmercury exposure in southern China,1,Methods_Materials,3,3,0,3,0
4:a588b8f8-4a1b-4a79-8a1a-924958fc2820:17042,doc_03_Rice consumption contributes to low level methylmercury exposure in southern China,1,Introduction,0,1,0,1,0
4:a588b8f8-4a1b-4a79-8a1a-924958fc2820:17154,doc_03_Rice consumption contributes to low level methylmercury exposure in southern China,1,Results,6,13,42,48,0
4:a588b8f8-4a1b-4a79-8a1a-924958fc2820:16510,doc_03_Rice consumption contributes to low level methylmercury exposure in southern China,2,Discussion,0,0,11,11,0
4:a588b8f8-4a1b-4a79-8a1a-924958fc2820:16557,doc_03_Rice consumption contributes to low level methylmercury exposure in southern China,2,Methods_Materials,0,0,0,0,0
4:a588b8f8-4a1b-4a79-8a1a-924958fc2820:16614,doc_03_Rice consumption contributes to low level methylmercury exposure in southern China,2,References,0,0,15,15,0
4:a588b8f8-4a1b-4a79-8a1a-924958fc2820:16707,doc_03_Rice consumption contributes to low level methylmercury exposure in southern China,2,Methods_Materials,0,0,3,3,0
4:a588b8f8-4a1b-4a79-8a1a-924958fc2820:16972,doc_03_Rice consumption contributes to low level methylmercury exposure in southern China,2,Discussion,0,0,0,0,0
4:a588b8f8-4a1b-4a79-8a1a-924958fc2820:17043,doc_03_Rice consumption contributes to low level methylmercury exposure in southern China,2,Methods_Materials,0,1,0,1,0
4:a588b8f8-4a1b-4a79-8a1a-924958fc2820:17155,doc_03_Rice consumption contributes to low level methylmercury exposure in southern China,2,Introduction,1,3,13,14,0
4:a588b8f8-4a1b-4a79-8a1a-924958fc2820:16511,doc_03_Rice consumption contributes to low level methylmercury exposure in southern China,3,Discussion,0,0,19,19,0
4:a588b8f8-4a1b-4a79-8a1a-924958fc2820:16558,doc_03_Rice consumption contributes to low level methylmercury exposure in southern China,3,Discussion,0,0,1,1,0
4:a588b8f8-4a1b-4a79-8a1a-924958fc2820:16615,doc_03_Rice consumption contributes to low level methylmercury exposure in southern China,3,References,0,0,11,11,0
4:a588b8f8-4a1b-4a79-8a1a-924958fc2820:16708,doc_03_Rice consumption contributes to low level methylmercury exposure in southern China,3,Discussion,0,0,0,0,0
4:a588b8f8-4a1b-4a79-8a1a-924958fc2820:16973,doc_03_Rice consumption contributes to low level methylmercury exposure in southern China,3,Discussion,0,0,0,0,0
4:a588b8f8-4a1b-4a79-8a1a-924958fc2820:17044,doc_03_Rice consumption contributes to low level methylmercury exposure in southern China,3,Other,0,0,0,0,0
4:a588b8f8-4a1b-4a79-8a1a-924958fc2820:17156,doc_03_Rice consumption contributes to low level methylmercury exposure in southern China,3,Methods_Materials,0,10,30,31,0
4:a588b8f8-4a1b-4a79-8a1a-924958fc2820:16512,doc_03_Rice consumption contributes to low level methylmercury exposure in southern China,4,Discussion,0,0,13,13,0
4:a588b8f8-4a1b-4a79-8a1a-924958fc2820:16559,doc_03_Rice consumption contributes to low level methylmercury exposure in southern China,4,Discussion,0,0,0,0,0
4:a588b8f8-4a1b-4a79-8a1a-924958fc2820:16709,doc_03_Rice consumption contributes to low level methylmercury exposure in southern China,4,Discussion,0,0,0,0,0
4:a588b8f8-4a1b-4a79-8a1a-924958fc2820:17157,doc_03_Rice consumption contributes to low level methylmercury exposure in southern China,4,Methods_Materials,8,11,11,20,0
4:a588b8f8-4a1b-4a79-8a1a-924958fc2820:16513,doc_03_Rice consumption contributes to low level methylmercury exposure in southern China,5,Discussion,0,0,4,4,0
4:a588b8f8-4a1b-4a79-8a1a-924958fc2820:16710,doc_03_Rice consumption contributes to low level methylmercury exposure in southern China,5,Discussion,0,0,0,0,0
4:a588b8f8-4a1b-4a79-8a1a-924958fc2820:17158,doc_03_Rice consumption contributes to low level methylmercury exposure in southern China,5,Discussion,0,6,15,16,0
4:a588b8f8-4a1b-4a79-8a1a-924958fc2820:16711,doc_03_Rice consumption contributes to low level methylmercury exposure in southern China,6,Discussion,0,0,0,0,0
4:a588b8f8-4a1b-4a79-8a1a-924958fc2820:17159,doc_03_Rice consumption contributes to low level methylmercury exposure in southern China,6,Discussion,0,14,48,49,0
4:a588b8f8-4a1b-4a79-8a1a-924958fc2820:17160,doc_03_Rice consumption contributes to low level methylmercury exposure in southern China,7,Discussion,4,17,47,52,0
4:a588b8f8-4a1b-4a79-8a1a-924958fc2820:17161,doc_03_Rice consumption contributes to low level methylmercury exposure in southern China,8,Discussion,0,1,6,6,0
4:a588b8f8-4a1b-4a79-8a1a-924958fc2820:17162,doc_03_Rice consumption contributes to low level methylmercury exposure in southern China,9,References,0,0,2,2,0
4:a588b8f8-4a1b-4a79-8a1a-924958fc2820:17163,doc_03_Rice consumption contributes to low level methylmercury exposure in southern China,10,References,0,2,2,4,0
