title,author,abstract,keywords,source_file
Contamination status and safety assessment of heavy metals in rice consumed in Songjiang district,"SHI Chun-Hong*, CAO Mei-Ping, HU Gui-Xia
( Shanghai Songjiang Institute for Food and Drug Control , Shanghai 201600, China )","Objective To understand pollution levels and ingestion risks of Pb, Cd, inorganic As and Hg in rice consumed in Songjiang district, and then to master the quality and safety of rice in the region. Methods Total of 344 samples in Songjiang district were collected and the content of Pb, Cd, inorganic As and Hg was determined. The pollution  of  heavy  metals  in  rice  was  evaluated  by  single  factor  pollution  index  and  Nemerow  comprehensive pollution index, and the dietary risk was preliminarily assessed by tolerable intake. Results The content of Pb, Cd, inorganic As and Hg in rice met the national food safety standards, and the average content was 0.054, 0.032, 0.019 and  0.0023  mg/kg,  respectively.  In  344  samples,  97%  of  the  single  factor  pollution  index  was  less  than  0.6,  and 99.4%  of  the  samples  were  comprehensively  evaluated  as  safe  and  clean,  without  slight  pollution  or  above.  The amount  of  Pb,  Cd,  inorganic  As  and  Hg  ingested  from  rice  is  much  lower  than  the  tolerable  intake,  but  the contribution rate of inorganic As  and  Cd  to  the dietary risk at high exposure  level is more  than  10%. Conclusion The pollution situation of heavy metals in rice consumed in Songjiang district is optimistic, and the risk to human health is at a lower level. In general, the safety situation of heavy metals can be controlled.",rice; heavy metals; pollution; safety assessment,松江区消费环节大米重金属污染状况及安全评价_石春红.md
不同设备和工艺加工薏仁谷精米和碎米重金属污染评价,涂鸿+；秦礼康+；韦柳燕+；梁艺馨-,分别采集不同设备和工艺加工生产线所加工的薏仁谷精米和碎米，检测A生产线和B生产线所产精米出现了7$和8=含量，含量均在需要警戒范围，A生产线所产精米还出现了8=膳食暴露风险，B生产线所产精米和碎米的重金属污染及膳食暴露风险更小,薏仁谷;精米;碎米;重金属;膳食暴露风险,不同设备和工艺加工薏仁谷精米和碎米重金属污染评价_涂鸿.md
Contamination status and safety assessment of heavy metals in rice consumed in Songjiang district,"SHI Chun-Hong *, CAO Mei-Ping, HU Gui-Xia
( Shanghai Songjiang Institute for Food and Drug Control , Shanghai 201600, China )","Objective To understand pollution levels and ingestion risks of Pb, Cd, inorganic As and Hg in rice consumed in Songjiang district, and then to master the quality and safety of rice in the region. Methods Total of 344 samples in Songjiang district were collected and the content of Pb, Cd, inorganic As and Hg was determined. The pollution  of  heavy  metals  in  rice  was  evaluated  by  single  factor  pollution  index  and  Nemerow  comprehensive pollution index, and the dietary risk was preliminarily assessed by tolerable intake. Results The content of Pb, Cd, inorganic As and Hg in rice met the national food safety standards, and the average content was 0.054, 0.032, 0.019 and  0.0023  mg/kg,  respectively.  In  344  samples,  97%  of  the  single  factor  pollution  index  was  less  than  0.6,  and 99.4%  of  the  samples  were  comprehensively  evaluated  as  safe  and  clean,  without  slight  pollution  or  above.  The amount  of  Pb,  Cd,  inorganic  As  and  Hg  ingested  from  rice  is  much  lower  than  the  tolerable  intake,  but  the contribution rate of inorganic As  and  Cd  to  the dietary risk at high exposure  level is more  than  10%. Conclusion The pollution situation of heavy metals in rice consumed in Songjiang district is optimistic, and the risk to human health is at a lower level. In general, the safety situation of heavy metals can be controlled.",rice; heavy metals; pollution; safety assessment,test_松江区消费环节大米重金属污染状况及安全评价_石春红.md
Dietary intake of minerals and trace elements in rice on the Jamaican market,"Johann M.R. Antoine, Leslie A. Hoo Fung*, Charles N. Grant, Haile T. Dennis, Gerald C. Lalor
International Centre for Environmental and Nuclear Sciences, 2 Anguilla Close, University of the West Indies, Mona Campus, Kingston 7, Jamaica","Twenty-five rice brands, available on the Jamaican market, and a local field trial sample were collected and analyzed for 36 essential, non-essential and toxic elements using four techniques: flame atomic absorption spectrophotometry (F-AAS), inductively coupled plasma optical emission spectrometry (ICP-OES), instrumental neutron activation analysis (INAA), and total reflection X-ray fluorescence (TXRF). The mean values for both white and brown rice respectively for calcium (127 mg/kg; 104 mg/kg), chromium (0.08 mg/kg; 0.157 mg/kg), copper (1.65 mg/kg; 2.96 mg/kg), iron (22.3 mg/kg; 20.1 mg/kg), magnesium (371 mg/kg; 1205 mg/kg), manganese (10.5 mg/kg; 26.5 mg/kg), molybdenum (0.790 mg/ kg; 0.770 mg/kg), phosphorus (1203 mg/kg; 3361 mg/kg), potassium (913 mg/kg; 2157 mg/kg), selenium (0.108 mg/kg; 0.131 mg/kg), sodium (6.00 mg/kg; 15.1 mg/kg), sulfur (1131 mg/kg; 1291 mg/kg) and zinc (15.6 mg/kg; 20.2 mg/kg) were used to calculate intake values. The percentage contribution to Provisional Tolerable Weekly Intakes were also estimated for the toxic elements aluminum (6.6-17.9%), arsenic (7.8-10.2%), cadmium (5.1-9.0%) and mercury (3.2-12.0%) with ranges dependent on white or brown rice consumption and gender. It was concluded that, for most essential elements, rice does not significantly contribute to mineral nutrition. The local field trial sample yielded encouraging results in terms of uptake of toxic elements.",Rice;Trace elements;Dietary intake;Food composition;Food analysis;Jamaica;Mineral nutrition;Food safety;AAS;ICP-OES;INAA;TXRF,doc_01_Dietary intake of minerals and trace elements in rice on the Jamaican market.md
Characterization of mercury species in brown and white rice (Oryza sativa L.) grown in water-saving paddies,"Sarah E. Rothenberg a, * , Xinbin Feng a, * , Bin Dong b , Lihai Shang a , Runsheng Yin a , Xiaobo Yuan c a State Key Laboratory of Environmental Geochemistry, Institute of Geochemistry, Chinese Academy of Sciences, 46 Guanshui Lu, Guiyang 550002, PR China

- b State Key Laboratory of Water Resources and Hydropower Engineering Science, Wuhan University, Wuhan 430072, PR China

c College of Resources and the Environment, Southwest University, Chongqing 400716, PR China","In China, total Hg (HgT) and methylmercury (MeHg) were quantified in rice grain grown in three sites using water-saving rice cultivation methods, and in one Hg-contaminated site, where rice was grown under flooded conditions. Polished white rice concentrations of HgT (water-saving: 3.3 ± 1.6 ng/g; flooded: 110 ± 9.2 ng/g) and MeHg (water-saving 1.3 ± 0.56 ng/g; flooded: 12 ± 2.4 ng/g) were positively correlated with root-soil HgT and MeHg contents (HgT: r2 ¼ 0.97, MeHg: r2 ¼ 0.87, p < 0.05 for both), which suggested a portion of Hg species in rice grain was derived from the soil, and translocation of Hg species from soil to rice grain was independent of irrigation practices and Hg levels, although other factors may be important. Concentrations of HgT and other trace elements were significantly higher in unmilled brown rice (p < 0.05), while MeHg content was similar (p > 0.20), indicating MeHg infiltrated the endosperm (i.e., white rice) more efficiently than inorganic Hg(II).
© 2011 Elsevier Ltd. All rights reserved.",Methylmercury;Milled white rice;Translocation;Water-saving paddies,doc_02_Characterization of mercury species in brown and white rice.md
Rice consumption contributes to low level methylmercury exposure in southern China,"Ping Li a , Xinbin Feng a, ⁎ , Xiaobo Yuan a , Hing Man Chan b , Guangle Qiu a , Guo-Xin Sun c , Yong-Guan Zhu c,d
- a State Key Laboratory of Environmental Geochemistry, Institute of Geochemistry, Chinese Academy of Sciences, Guiyang, 550002, China
- b Centre for Advanced Research in Environmental Genomics, University of Ottawa, Ottawa, K1N 6N5, Canada
- c Research Center for Eco-Environmental Sciences, Chinese Academy of Sciences, Beijing, 100085, China
- d Institute of Urban Environment, Chinese Academy of Sciences, Xiamen, 361021, China","Fish consumption is considered as the primary pathway of human methylmercury (MeHg) exposure. However, recent studies highlighted that, rice, rather than /uniFB01 sh, is the main route of human MeHg exposure in Guizhou, inland China. China is considered as the largest anthropogenic source of mercury (Hg) emission in the world, which has led to serious environmental Hg pollution. But there are no comprehensive studies regarding this environmental health problem to evaluate human Hg exposure and associated health effects. This study aimed to estimate daily MeHg intake and health risk in 7 provinces in southern China, and to assess the relative contribution from rice and /uniFB01 sh consumption. The average levels of total mercury (THg) and MeHg in rice samples were generally low at 10.1 ng·g -1 and 2.47 ng·g -1 , respectively. But a total of 36 rice samples (12.7%) had THg concentration exceeding the national limit (20 ng·g -1 ). Generally, rural population had signi /uniFB01 cantly higher Probable Daily Intakes (PDIs) of MeHg than urban population from rice consumption and its relative contribution to MeHg exposure increased signi /uniFB01 cantly from coastal to inland area. The averages of PDIs of MeHg were 0.020 μ g·kg -1 ·d -1 and 0.028 μ g·kg -1 ·d -1 for urban and rural population in southern China, respectively. Despite the serious environmental Hg pollutions in China, the general population in southern China had low risk of MeHg exposure. But rice is an important route of human MeHg exposure in southern China, especially for the rural population in inland area. The /uniFB01 ndings indicate that rice consumption should be considered when evaluating MeHg exposure in rice eating population in southern China.",Rice;Total mercury;Methylmercury;Probable daily intake;Contribution;Southern China,doc_03_Rice consumption contributes to low level methylmercury exposure in southern China.md
Contamination status and safety assessment of heavy metals in rice consumed in Songjiang district,"SHI Chun-Hong*, CAO Mei-Ping, HU Gui-Xia
( Shanghai Songjiang Institute for Food and Drug Control , Shanghai 201600, China )","Objective To understand pollution levels and ingestion risks of Pb, Cd, inorganic As and Hg in rice consumed in Songjiang district, and then to master the quality and safety of rice in the region. Methods Total of 344 samples in Songjiang district were collected and the content of Pb, Cd, inorganic As and Hg was determined. The pollution  of  heavy  metals  in  rice  was  evaluated  by  single  factor  pollution  index  and  Nemerow  comprehensive pollution index, and the dietary risk was preliminarily assessed by tolerable intake. Results The content of Pb, Cd, inorganic As and Hg in rice met the national food safety standards, and the average content was 0.054, 0.032, 0.019 and  0.0023  mg/kg,  respectively.  In  344  samples,  97%  of  the  single  factor  pollution  index  was  less  than  0.6,  and 99.4%  of  the  samples  were  comprehensively  evaluated  as  safe  and  clean,  without  slight  pollution  or  above.  The amount  of  Pb,  Cd,  inorganic  As  and  Hg  ingested  from  rice  is  much  lower  than  the  tolerable  intake,  but  the contribution rate of inorganic As  and  Cd  to  the dietary risk at high exposure  level is more  than  10%. Conclusion The pollution situation of heavy metals in rice consumed in Songjiang district is optimistic, and the risk to human health is at a lower level. In general, the safety situation of heavy metals can be controlled.",rice; heavy metals; pollution; safety assessment,doc_04_松江区消费环节大米重金属污染状况及安全评价_石春红.md
不同设备和工艺加工薏仁谷精米和碎米重金属污染评价,"涂鸿+, 秦礼康+, 韦柳燕+, 梁艺馨-",分别采集不同设备和工艺加工生产线所加工的薏仁谷精米和碎米，检测A生产线和B生产线所产精米出现了7$…含量均在需警戒范围，A生产线所产精米还出现了8=…膳食暴露风险，B生产线所产精米和碎米的重金属污染及膳食暴露风险更小。,薏仁谷;精米;碎米;重金属;膳食暴露风险,doc_05_不同设备和工艺加工薏仁谷精米和碎米重金属污染评价_涂鸿.md
Heavy Metal Pollution in a Soil-Rice System in the Yangtze River Region of China,"Zhouping Liu, Qiaofen Zhang, Tiqian Han, Yanfei Ding, Junwei Sun, Feijuan Wang and Cheng Zhu
College of Life Sciences, China Jiliang University, Hangzhou 310018, China; jslzp89@163.com (Z.L.); zhangqf025@163.com (Q.Z.); hantq96@163.com (T.H.); dingyanfei1984@126.com (Y.D.); Juville@cjlu.edu.cn (J.S.)","Heavy metals are regarded as toxic trace elements in the environment. Heavy metal pollution in soil or rice grains is of increasing concern. In this study, 101 pairs of soil and rice samples were collected from the major rice-producing areas along the Yangtze River in China. The soil properties and heavy metal ( i.e. , Cd, Hg, Pb and Cr) concentrations in the soil and rice grains were analyzed to evaluate the heavy metal accumulation characteristics of the soil-rice systems. The results showed that the Cd, Hg, Pb and Cr concentrations in the soil ranged from 0.10 to 4.64, 0.01 to 1.46, 7.64 to 127.56, and 13.52 to 231.02 mg ☎ kg ✁ 1 , respectively. Approximately 37%, 16%, 60% and 70% of the rice grain samples were polluted by Cd, Hg, Pb, and Cr, respectively. The degree of heavy metal contamination in the soil-rice systems exhibited a regional variation. The interactions among the heavy metal elements may also influence the migration and accumulation of heavy metals in soil or paddy rice. The accumulation of heavy metals in soil and rice grains is related to a certain extent to the pH and soil organic matter (SOM). This study provides useful information regarding heavy metal accumulation in soil to support the safe production of rice in China. The findings from this study also provide a robust scientific basis for risk assessments regarding ecological protection and food safety.",soil-rice system; pollution characteristics; heavy metal accumulation; Yangtze River region,doc_06_Heavy Metal pullution in China.md
Application of biochar and selenium together at low dose efficiently reduces mercury and methylmercury accumulation in rice grains,"Feng Jing a,c , Hongbo Li c , Jianzhou He d,e , Qingya Zhang b , Xuezhen Gao b , Dongmei Zhou c,* 
- a College of Advanced Agricultural Sciences, Zhejiang A & F University, Hangzhou 311300, PR China
- b Jiangsu DDBS Environmental Remediation Co., LTD, Nanjing 210012, PR China
- c State Key Laboratory of Pollution Control and Resource Reuse, School of the Environment, Nanjing University, Nanjing 210023, PR China
- d School of Fisheries, Aquaculture and Aquatic Sciences, Auburn University, Auburn, AL 36849, USA
- e Department of Biochemistry, Chemistry & Physics, Georgia Southern University, Savannah, GA 31419, USA","Irrespective of cost and ecological risk, literatures have reported that both biochar and selenium (Se) alone at high application rate exhibited positive effects on decreasing rice mercury (Hg) uptake in high Hg contaminated paddy soil. In this study, we investigated whether biochar and Se together at low dose could efficiently reduce the rice grain Hg and MeHg accumulation in the slight Hg-contaminated soil. Compared with control (CK), the Hg concentration of grains in the BC3, Se0.5, and BC3 + Se0.5 treatments decreased by 5.4 %, 38.3 %, and 48.5 %, respectively. Co-application of biochar and Se also decreased the methylmercury (MeHg) concentration in rice grains by 29.1 -91.6 %. The decrease of Hg and MeHg level in rice grains for biochar and Se treatments could be attributed to the following mechanisms: (1) high Hg (primarily inorganic Hg) adsorption on biochar through its high hydroxyl groups and large specific surface area; (2) Increased dissolved organic carbon and cysteine contents in pore water after biochar application, which reduced the availability of soil Hg through complexation; (3) Decreased bioavailability of Hg in soil due to the formation of HgSe precipitation which inhi",Biochar; Selenium; Hg; MeHg; Paddy soil,doc_07_Application of biochar and selenium together at low dose efficiently.md
Rice straw-derived biochar amendment enabling a synergy for mercury alkylation and carbon sequestration in mercury-contaminated paddy soil,"Kaikai Fang a , Shengting Rao a , Yan He a,b , Jian Wang c , Jianming Xu a,b , Jiachun Shi a,*","We report an unrecognized but significant mechanism of synergistic carbon sequestration and mercury (Hg) alkylation in Hg-contaminated paddy soil. This study investigates the influence of rice straw (RS) and biochar (BC) amendments on carbon fraction transformation and Hg alkylation. Results revealed that BC amendment facilitated Protein and Lipid convert into Tannin, possibly by Anaerolineaceae, thereby promoting soil carbon sequestration; whereas RS amendment increased the conversion of Amino sugars and Carbohydrates into Lignin when comparing the BC and RS additions. The RS amendment cannot effectively increase soil carbon stocks due to  the  considerable  CH4 emissions.  Furthermore,  RS  significantly  facilitated  the  conversion  of  Hg  ions  to methylmercury, as indicated by an 88.7% reduction in Hg ions and an 81.6% increase in methylmercury levels compared to the control (CK). The BC also promotes the methylation of Hg, but the intensity is not as strong as the RS. Compared with the CK, both the RS and BC showed an inhibitory effect on Hg ethylation, with RS having a stronger inhibitory capacity. These findings, which comprehensively consider soil carbon sequestration, Hg methylation and ethylation, benefits strong support for the BC amendment as the most advantageous environmental  strategy  in  comparison  to  the  CK  and  RS  treatments.  This  study  discovers  that  BC  amendment  can simultaneously enhance soil carbon sequestration and reduce Hg alkylation, and reveals the process mechanism.",Rice straw; Mass spectrometry; Carbon sequestration; Methylmercury; Ethylmercury,doc_08_Rice straw-derived biochar amendment enabling.md
"Sulfur/zinc co-doped biochar for stabilization remediation of mercury-contaminated soil: Performance, mechanism and ecological risk","Tianrui Xu a , Guanghui Wang a,b,* , Qiuling Yin a , Zhongkui Zhou a,b , Nansheng Deng c
- a School of Water Resources & Environmental Engineering, East China University of, Technology, Nanchang 330013, China
- b Jiangxi Provincial Key Laboratory of Genesis and Remediation of Groundwater Pollution, Nanchang 330013, China
- c School of Resources and Environmental Science, Wuhan University, Wuhan 430079, China","In this study, a novel sulfur/zinc co-doped biochar (SZ-BC) stabilizer was successfully developed for the remediation of mercury-contaminated soil. Results from SEM, TEM, FTIR and XRD revealed that biochar (BC) was successfully modified by sulfur and zinc. In the batch adsorption experiments, the sulfur-zinc co-pyrolysis biochar  displayed  excellent  Hg(II)  adsorption  performance,  with  the  maximum  adsorption  capacity  of  SZ-BC (261.074 mg/g) being approximately 16.5 times that of BC (15.855 mg/g). Laboratory-scale static incubation, column leaching, and plant pot experiments were conducted using biochar-based materials. At an additional dosage of 5 % mass ratio, the SZ-BC exhibits the most effective stabilization of mercury in soil, leading to a significant reduction in leaching loss compared to the control group (CK) by 51.30 %. Following 4 weeks of incubation and 2 weeks of leaching with SZ-BC, the residual mercury in the soil increased by 27.84 %. As a result, potential ecological risk index of mercury decreased by 92 % compared to the CK group. In the pot experiment, SZ-BC significantly enhanced the growth of Chinese cabbage, with biomass and root dry weight reaching 3.20 and  2.80  times  that  of  the  CK  group,  respectively.  Additionally,  the  Translocation  Factor  (TF)  and  Bioconcentration Factor (BF) were reduced by 44.86 % and 74.43 %, respectively, in the SZ-BC group compared to the CK group. Moreover, SZ-BC can effectivel",Mercury (II);Modified biochar;Sulfur/zinc co-doping;Stabilization mechanism,doc_09_Sulfur zinc co-doped biochar for stabilization remediation of.md
Field-aged rice hull biochar stimulated the methylation of mercury and altered the microbial community in a paddy soil under controlled redox condition changes,"Felizitas Boie a, Thomas F. Ducey b, Ying Xing a,c, Jianxu Wang a,d, Jörg Rinklebe a,* 
- a University of Wuppertal, School of Architecture and Civil Engineering, Institute of Foundation Engineering, Water and Waste Management, Laboratory of Soil and Groundwater Management, Pauluskirchstraße 7, 42285 Wuppertal, Germany
- b US Department of Agriculture, Coastal Plains Soil, Water, Plant Research Center, 2611 West Lucas Street, Florence, SC, USA
- c School of Chemistry and Materials Science, Guizhou Normal University, Guiyang 550002, PR China
- d State Key Laboratory of Environmental Geochemistry, Institute of Geochemistry, Chinese Academy of Sciences, 550082 Guiyang, P.R. China","Mercury (Hg) contaminated paddy soils are hot spots for methylmercury (MeHg) which can enter the food chain via rice plants causing high risks for human health. Biochar can immobilize Hg and reduce plant uptake of MeHg. However, the effects of biochar on the microbial community and Hg (de)methylation under dynamic redox conditions in paddy soils are unclear. Therefore, we determined the microbial community in an Hg contaminated paddy soil non-treated and treated with rice hull biochar under controlled redox conditions ( < 0 mV to 600 mV) using a biogeochemical microcosm system. Hg methylation exceeded demethylation in the biochar-treated soil. The aromatic hydrocarbon degraders Phenylobacterium and Novosphingobium provided electron donors stimulating Hg methylation. MeHg demethylation exceeded methylation in the non-treated soil and was associated with lower available organic matter. Actinobacteria were involved in MeHg demethylati",Hg methylation; MeHg demethylation; Microbial community network; Phospholipid fatty acids (PLFA),doc_10_Field-aged rice hull biochar stimulated the methylation of mercury.md
Selenium-phosphorus modified biochar reduces mercury methylation and bioavailability in agricultural soil ☆,"Dongqiang Qin a,c , Guangjun Luo a,b,c , Aming Qin a,c , Tianrong He a,* , Pan Wu a,b , Deliang Yin a
- a Key Laboratory of Karst Georesources and Environment (Guizhou University), Ministry of Education, Guiyang, 550025, China
- b College of Resources and Environmental Engineering, Guizhou University, Guiyang, 550025, China
- c Guizhou Karst Environmental Ecosystems Observation and Research Station, Ministry of Education, Guiyang, 550025, China","Biochar is a frequently employed for solidifying and stabilizing mercury (Hg) contamination in soil. However, it often results in an elevated presence of soil methylmercury (MeHg), which introduces new environmental risks. Consequently, there is a necessity for developing a safer modified biochar for use in Hg-contaminated soil. This study employed sodium selenite (at a safe dosage for soil) and hydroxyapatite to modify straw biochar (BC) based on the interaction between selenium (Se) and phosphorus (P). This process led to the formation of Se-modified biochar (Se-BC), P-modified biochar (P-BC), and Se and P co-modified biochar (Se-P-BC). Additionally, solvent adsorption  experiments  and  pot  experiments  (BC/soil  mass  ratio:  0.5  %)  were  conducted  to  investigate  the impacts of these soil amendments on soil Hg methylation and bioavailability. Se and P co-modification substantially increased the surface area, pore volume, and Hg adsorption capacity of BC. BC treatment increased the simulated gastric acid-soluble Hg, organo-chelated Hg, and MeHg in the soil. Conversely, Se-P-BC significantly reduced these forms of Hg in the soil, indicating that Se-P-BC can transform soil Hg into less bioavailable states. Among the different biochar treatments, Se-P-BC exhibited the most pronounced reductions in soil MeHg, total Hg, and MeHg in water spinach, achieving reductions of 63 %, 71 %, and 70 %, respectively. The co-modification of Se and P displayed a synergistic reduction effect in managing soil Hg pollution, which is associated with the increase  of  available  Se  in  the  soil  due  to  phosphorus  addition.  The  significantly  reduced  dissolved  organic carbon  and  the  abnormally  high  SO4 2 GLYPH&lt;0&gt; concentration  in  the  soil  of  Se-P-BC  treatment  also  inhibited  Hg methylation and bioavailability in the soil. In summary, Se-P-BC substantially increased reduction percentage in plant Hg content while mitigating the risk of secondary pollution arising from elevated soil MeHg.",Hg; MeHg; Biochar; Se; Hydroxyapatite; Soil,doc_11_Selenium–phosphorus modified biochar reduces mercury methylation and.md
Effects of varying amounts of different biochars on mercury methylation in paddy soils and methylmercury accumulation in rice (Oryza sativa L.),"Yongjie Wang a,b,1 , Li Chen b,1 , Yuanyuan Chen b , Yongjun Xue c , Guangxia Liu d , Xiangmin Zheng b , Limin Zhou a,b,e, ⁎ , Huan Zhong d
- a Key Laboratory of Geographic Information Science, Ministry of Education, East China Normal University, Shanghai 200241, PR China
- b School of Geographic Sciences, East China Normal University, Shanghai 200241, PR China
- c School of Life Sciences, East China Normal University, Shanghai 200241, PR China
- d State Key Laboratory of Pollution Control and Resources Reuse, School of the Environment, Nanjing University, Nanjing 210023, PR China
- e Institute of Eco-Chongming, East China Normal University, Shanghai 200241, PR China","There is growing evidence for the potential of biochars (BCs) in remediating mercury-contaminated paddy soils, but the high doses commonly used in laboratory studies discourage BC application in practice. To address these dif /uniFB01 culties, wecompared the effects of varying amounts of BCs from different sources on the formation of methylmercury (MeHg) in soil and its accumulation in rice through microcosm and pot experiments. The addition of a wide range of added doses (0.3, 0.6, 1, 2, 4 and 5 %, w/w) of BCs derived from different biomass feedstocks (i.e., corn stalk, wheat straw, bamboo, oak and poplar) signi /uniFB01 cantly decreased the fraction of ammonium thiosulfate ((NH4)2S2O3)extractable MeHg in the soil, although the MeHg contents varied with BC types and doses during soil incubation. However, the extractable MeHg in the soil did not continuously decrease with increasing BC doses, especially at doses of > 1 %, resulting in limited further reductions. Moreover, a relatively low application rate (0.3 -0.6 %, w/w) of BCs (i.e., corn stalk, wheat straw and bamboo-derived BC), especially of bamboo-derived BCs, signi /uniFB01 cantly decreased the MeHg levels (42 -76 %) in rice grains (brown rice). Meanwhile, the extractable soil MeHg decreased (57 -85 %), although the MeHg in the soil varied under BC amendment during rice cultivation. These results provide further evidence that applying BC produced from different raw carbon materials (e.g., lignocellulosic biomass) could effectively",Biochar;Paddy soil;Methylmercury;Rice,doc_12_Effects of varying amounts of different biochars on mercury methylation in.md
Biochar affects methylmercury production and bioaccumulation in paddy soils: Insights from soil-derived dissolved organic matter,"Siqi Zhang¹, Mingxing Wang¹, Jiang Liu², Shanyi Tian³, Xueling Yang¹, Guangquan Xiao¹, Guomin Xu⁴,⁵, Tao Jiang¹,²,⁶,*, Dingyong Wang¹
¹ Interdisciplinary Research Centre for Agriculture Green Development in Yangtze River Basin, Department of Environmental Sciences and Engineering, College of Resources and Environment, Southwest University, Chongqing 400716, China
² State Key Laboratory of Environmental Geochemistry, Institute of Geochemistry, Chinese Academy of Sciences, Guiyang 550002, China
³ Soil Ecology Laboratory, College of Resources and Environmental Sciences, Nanjing Agricultural University, Nanjing 210095, China
⁴ National Engineering Research Center for Compounding and Modification of Polymer Materials, Guiyang 550014, China
⁵ Guizhou Material Industrial Technology Institute, Guiyang 550014, China
⁶ Institute of Environment and Health, Jianghan University, Wuhan 430056, China","Biochar has been used increasingly as a soil additive to control mercury (Hg) pollution in paddy rice fields. As the most active component of soil organic matter, soil dissolved organic matter (DOM) plays a vital role in the environmental fate of contaminants. However, there are very few studies to determine the impact of biochar on the Hg cycle in rice paddies using insights from DOM. This study used original and modified biochar to investigate their effect on DOM dynamics and their potential impact on methylmercury (MeHg) production and bioaccumulation in rice plants. Porewater DOM was collected to analyze the variations in soil-derived DOM in paddy soils. The results showed that the addition of biochar, whether in original or modified form, significantly reduced the bioaccumulation of MeHg in rice plants, especially in hulls and grains ( p < 0.05). However, MeHg production in soils was only inhibited by the modified biochar. Biochar addition induced a significant increase in DOM's aromaticity and molecular weight ( p < 0.05), which decreased Hg bioavailability. Furthermore, enhanced microbial activity was also observed in DOM ( p < 0.05), further increasing MeHg production in the soil. Thus, the effect of biochar on the fate of Hg cycle involves competition between the two different roles of DOM. This study identified a specific mechanism by which biochar affects Hg behavior in rice paddy soil and contributes to understanding the more general influence",Mercury; Methylmercury; Biochar; Dissolved organic matter; Rice,doc_13_Biochar affects methylmercury production and bioaccumulation in paddy soils.md
Stabilization of Soil Co-Contaminated with Mercury and Arsenic by Different Types of Biochar,"Yang Wei 1,2,3,4, *, Risheng Li 1,2,3,4 , Nan Lu 2,3,4 and Baoqiang Zhang 1,2,3,4
- 1 Shaanxi Land Engineering Construction Group Co., Ltd., Xi'an Jiaotong University Technology Innovation Center for Land Engineering and Human Settlements, Xi'an 710075, China
- 2 Land Engineering Technology Transformation Center, Shaanxi Provincial Land Engineering Construction Group Co., Ltd., Xi'an 710075, China
- 3 Institute of Land Engineering and Technology, Shaanxi Provincial Land Engineering Construction Group Co., Ltd., Xi'an 710075, China
- 4 Key Laboratory of Degraded and Unused Land Consolidation Engineering, Ministry of Natural Resources, Xi'an 710075, China
* Correspondence: weiyang1120@163.com","Mercury (Hg) and arsenic (As) are toxic and harmful heavy metals, with exceedance rates of 1.6% and 2.7%, respectively, in soils across China. Compared to soils contaminated with Hg or As alone, co-contaminated soils pose complex environmental risks and are difficult to remediate. Biochar is widely used as a soil amendment to adsorb and immobilize pollutants such as heavy metals. However, only a few studies have explored the efficiency of biochars produced from different crop straws to reduce the bioavailability of heavy metals in co-contaminated soils, and the effects on soil biological properties are often overlooked. The aim of this study was to investigate changes to the physicochemical properties, enzyme activities, and heavy metal bioavailability of an industrial soil co-contaminated with Hg and As upon the addition of different biochars from reed, cassava, and rice straws (REB, CAB, and RIB, respectively). The soil was amended with 1% biochar and planted with spinach in pots for 30 days. RIB was more effective than REB and CAB in increasing the soil pH, organic matter content, and cation exchange capacity. RIB and CAB exhibited similar positive effects on the soil dehydrogenase, catalase, invertase, and urease activities, which were higher than those of REB. The exchangeable fraction of both metals decreased upon biochar addition, and the residual fraction showed the opposite trend. All biochar amendments reduced the bioconcentration factors of heavy metals (especially Hg) in plants and decreased the metal bioavailability in soil. RIB is the optimal amendment for the stabilization of soil co-contaminated with Hg and As.",biochar amendment; heavy metal co-contamination; soil pollution; enzyme activity,doc_14_Stabilization of Soil Co-Contaminated with Mercury and.md
Impact of sulfur-impregnated biochar amendment on microbial communities and mercury methylation in contaminated sediment,"Mark Xavier Bailon a,b , Dhiraj Kumar Chaudhary a , Cheolho Jeon c , Yong Sik Ok d , Yongseok Hong a,*
- a Department of Environmental Engineering, Korea University Sejong Campus, 2511 Sejong-ro, Sejong City 30019, South Korea
- b Department of Science and Technology - Philippines, Philippine Science High School -Central Luzon Campus, Lily Hill, Clark Freeport Zone, Mabalacat City, Pampanga 2010, Philippines
- c Research Center for Materials Analysis, Korea Basic Science Institute, Daejeon, South Korea
- d Korea Biochar Research Center, APRU Sustainable Waste Management Program &amp; Division of Environmental Science and Ecological Engineering, Korea University, Seoul, South Korea","Editor: Lingxin Chen

S-impregnation of biochar through elemental S streaming is known to increase its sorption performance against Hg and methyl mercury (MeHg). However, the effects of %S-loading on biochar ' s mechanism and sorption capacities for MeHg, and its consequent impact when used as an amendment material for Hg-contaminated sediments, are poorly understood, and thus, were investigated in this work. Our results showed that a minimum sulfur loading of 1% was the most effective in reducing MeHg levels in sediments. At higher %S-loading (3 -20%), the reduction in surface area, pore blockage due to unreacted sulfur particles, and presence of poorly bound sulfur  species  resulted  in  lowered  effectiveness  for  MeHg  control.  Increasing  S-functionalization  during impregnation shifted the sorption process of MeHg from Hg-O to Hg-S in S-impregnated biochar (BCS). Our 60day slurry experiment showed a significant reduction in pore water THg (40 -70%) and MeHg (30 -55%), as well as sediment MeHg (50 -60%) in biochar-amended sediments. The reduction in the bioavailable Hg resulted in lowered Hg methylation, as supported by the suppression of both the Fe- and SO4 2-reduction activities in the amended sediments. The microbial community structure in BCS-amended sediments showed a shift towards sulfur-consuming, iron-reducing, thiosulfate-oxidizing, and sulfate-reducing bacterial populations. At the genus level, the overall relative abundance of principal Hg methylators was also lower in the BCS t",Methyl mercury; Methylation; Sulfur; Elemental S streaming; Bacterial community,doc_15_Impact of sulfur-impregnated biochar amendment on microbial.md
Effective reducing the mobility and health risk of mercury in soil under thiol-modified biochar amendment,"Yao Huang a,1 , Bin Zhao a,d,1 , Gaocheng Liu a , Kai Liu a , Bingjun Dang e , Honghong Lyu b,* , Jingchun Tang c
- a Guangdong Key Laboratory of Integrated Agro-environmental Pollution Control and Management, Institute of Eco-environmental and Soil Sciences, National-Regional Joint Engineering Research Center for Soil Pollution Control and Remediation in South China, Guangdong Academy of Sciences, Guangzhou 510650, China b Tianjin Key Laboratory of Clean Energy and Pollution Control, School of Energy and Environmental Engineering, Hebei University of Technology, Tianjin 300401,
- China
- c MOE Key Laboratory of Pollution Process and Environmental Criteria/Tianjin Engineering Center of Environmental Diagnosis and Contamination Remediation, College of Environmental Science and Engineering, Nankai University, Tianjin 300350, China
- d Norwegian University of Life Sciences, Department of Environmental Sciences, 5003, N-1432 Ås, Norway
- e College of Tobacco Science, Henan Agricultural University, Zhengzhou 450002, China","Soil mercury contamination poses health risks. However, effective immobilization techniques are lacking with challenges including low efficiency, limited long-term stability, susceptibility to multi-medium interference, and difficulty in controlling health risks. This study confirmed the feasibility of thiol-modified biochar, and elucidated the underlying mechanisms. Within 32 days of treatment, the leachable mercury decreased from 184.7 μ g/ L to below the hazardous waste threshold (100 μ g/L, HJ/T299 -2007, China). After 198 days of treatment, the soil achieved a safe ecological state with a mercury immobilization rate of 79.8 -98.2% and a 50% reduction in available methylmercury.  Thiol-modified biochar facilitated the conversion of active mercury  species (exchangeable,  carbonate,  and  oxide)  into  stable  forms  (organic  and  residual)  through  complexation  and",Mercury Immobilization; Biochar; Soil; Health risk assessment,doc_16_Effective reducing the mobility and health risk of mercury in soil under.md
Effect of production temperature and particle size of rice husk biochar on mercury immobilization and erosion prevention of a mercury contaminated soil,"Zhengtao Shen a , Zhuorong Zhang a , Mengdi Zhang a,b , J ¨ org Rinklebe c,d , Yan Ma b , Deyi Hou a,* 
- a School of Environment, Tsinghua University, Beijing 100084, China
- b School of Chemical and Environmental Engineering, China University of Mining and Technology, Beijing 100083, China
- c University of Wuppertal, School of Architecture and Civil Engineering, Institute of Foundation Engineering, Water and Waste Management, Laboratory of Soil and
- Groundwater Management, Pauluskirchstra ß e 7, 42285 Wuppertal, Germany
- d Department of Environment, Energy and Geoinformatics, Sejong University, 98 Gunja-Dong, Guangjin-Gu, Seoul, Republic of Korea","Mercury  (Hg)  contaminated  soil  is  a  potential  hazardous  material  especially  under  soil  erosion  and  surface runoff. This work aims to use rice husk biochar to immobilize Hg and prevent erosion, and find the optimal production temperature and particle size of the biochar. The biochars were produced at 300, 500, and 700 ◦ C and sieved to three particle sizes ~20, <2, and <0.15 mm. They were applied to a Hg contaminated loamy sand (20.2 mg/kg) and undergone simulated rainfall erosion representing 7 years of heavy rain events in Beijing. All biochar amendments reduced the runoff volume by 5.1 -15.4%. Hg amount in runoff were significantly reduced by 36.7 -48.8% after the amendments of biochar. The Hg concentration of infiltration was reduced by biochar treatments except that produced at 300 ◦ C, while its amount was increased due to larger infiltration volume. All biochar amendments significantly reduced soil loss in runoff by 43.5 -77.2%. Hg was enriched in the sediments (39.7 -46.8  mg/kg)  compared  with  the  parent  soil  (20.2  mg/kg)  regardless  of  biochar  treatment,  but  its bioavailability was low. Higher pyrolysis temperature of the rice husk biochars resulted in less runoff, more infiltration, and better erosion prevention, while the effect of biochar particle size is less significant.",Mercury contaminated soil; Soil erosion; Biochar amendment; Mercury contamination; Runoff and infiltration,doc_17_Effect of production temperature and particle size of rice husk biochar on.md
Corn stover biochar increased edible safety of spinach by reducing the migration of mercury from soil to spinach,"Wei Zhao a , Yutong Cui a , Xiping Sun b , Hongyan Wang a, ⁎ , Xiaohua Teng c, ⁎
- a College of Resource and Environment, Northeast Agricultural University, Harbin 150030, China
- b No. 6 Middle School of Harbin, Harbin 150030, China
- c College of Animal Science and Technology, Northeast Agricultural University, Harbin 150030, China","Mercury (Hg) is toxic and can affect human health through soil entering food chain. Spinach absorb easily heavy metals. Corn stover biochar can improve soil structure and physicochemical property. This study wanted to establish a Hg-corn stover biochar-soil-spinach model including 1 control group (without HgCl2 and corn stover biochar) and 24 treatment groups (with HgCl2 or/and corn stover biochar). Hg concentration was 0, 1, 2, 4, and 6 mg kg -1 , respectively. Corn stover biochar contents were 0%, 1%, 3%, 5%, and 7% w /w, respectively. The results showed that residual Hg concentrations was the largest and water soluble and exchangeable Hg as well as carbonate bound Hg concentrations were the lowest among /uniFB01 ve Hg forms. Hg concentrations in four Hg treatment groups were higher than the control group in dose-dependent manner. The deposition of 6 mg kg -1 Hg was the highest. Corn stover biochar decreased Hg migration from soil to leaching solution and spinach, and passivation effect of 7% concentration of corn stover biochar was the best. Besides, corn stover biochar relieved the increase of methyl Hg caused by Hg in soil. Moreover, Hg concentration in roots was the highest and Hg concentration in stems was the lowest in spinach. Furthermore, Hg absorbed by roots was more than the sum of Hg absorbed by stems and leaves. In addition, we also found that the measured soil Hg concentrations were coincided with the predicted soil Hg concentrations under 1, 2, and 4 mg kg -1 Hg concentrations, except 2 mg kg -1 Hg at 7% C. Under 6 mg kg -1 Hg concentration, measured soil Hg concentrations was lower than that of the predicted soil Hg concentrations. Taken together, our /uniFB01 ndings indicated that",Corn Stover biochar; Mercury; Spinach; Migration; Edible safety,doc_18_Corn stover biochar increased edible safety of spinach by reducing the.md
Responses of bacterial taxonomic attributes to mercury species in rhizosphere paddy soil under natural sulphur-rich biochar amendment,"Hualing Hu a,b , Zhonghong Li b , Beidou Xi a,b , Qigong Xu b,* , Wenbing Tan b
- a School of Environmental Science & Engineering, Tianjin University, Tianjin 300350, China
- b State Environmental Protection Key Laboratory of Simulation and Control of Groundwater Pollution, Chinese Research Academy of Environmental Sciences, Beijing 100012, China","Biochar and sulphur (S) are important factors regulating the level, speciation and transformation of mercury (Hg),  leading  to  alterations  in  the  assemblage  of  the  soil  microbial  community.  However,  variations  in  the taxonomic attributes of the rhizosphere soil bacterial community arising from the Hg speciation in paddy soil, amended with natural S-rich biochar (NSBC) derived from the pyrolysis of S-rich oilseed rape straw, remain unclear. Herein, a rice pot experiment was conducted. Hg-polluted paddy soils were amended with NSBC and low-S biochar (LSBC) to evaluate the role of Hg chemical form affected by NSBC in regulating the taxonomic attributes of rhizosphere soil, including microbial abundance, composition, and ecological clusters within the cooccurrence network of microbial communities. Results showed that microbial abundance was higher in soils with lower Hg levels, and mean increases of 149 observed operational taxonomic units (OTUs) and 238 predicted OTUs (Chao 1) were observed, with a 1 mg kg⁻¹ decrease in the total Hg (T-Hg) content. Among the 13 predictor variables, the T-Hg content was the strongest and most consistent predictor of the bacterial taxonomic attributes. This finding may be attributed to the fact that the drastic reduction in T-Hg and Hg bioavailability induced by NSBC results  in  the  decrease  of  Hg  stress  on  the  soil  microbiome.  Moreover,  NSBC  amendment  shifted  the ecological clusters toward th",Natural sulphur-rich biochar; Rhizosphere paddy soil; Mercury pollution; Microbial community; Co-occurrence network,doc_19_Responses of bacterial taxonomic attributes to mercury species in.md
"Mercury speciation in mine tailings amended with biochar: Effects on mercury bioavailability, methylation potential and mobility","J.A. Gamboa-Herrera, C.A. Ríos-Reyes, L.Y. Vargas-Fiallo
- a Escuela de Geología, Universidad Industrial de Santander, Bucaramanga 680002, Colombia
- b Escuela de Química, Universidad Industrial de Santander, Bucaramanga 680002, Colombia","Biochar is a low-cost and environmentally friendly amendment with strong ability for adsorption of mercury (Hg) from aqueous solutions, contaminated soils, and sediments. In the present study, six biochars were prepared from the pyrolysis of cocoa pod husk, sugarcane bagasse and banana pseudostem at 400 and 600 °C in order to use them as an organic amendment and to evaluate their capacities to reduce the bioavailability, methylation potential, and mobility of Hg present in mine tailings without environmental treatment. To quantify the effects of each variety of biochar, incubation experiments of soil were established by mixing mine tailings with 5% by weight of biochar for 90 days. Once the incubation time concluded, sequential extraction procedures were carried out to determine the fractionation of the Hg species. Speciation analysis results indicated that the remedial effects of biochar depended on the source of organic matter and pyrolysis temperature. The bioavailable and organic Hg fractions decreased respectively by up to 75 and 79%, indicating a methylation potential reduction. Immobile Hg fraction increased to 76% with respect to the control. Adsorption and stabilization to HgS from the soluble forms of Hg reduce the percentage of bioavailable Hg. The organic Hg fraction reduction was correlated with the decrease of the bioavailable Hg fraction and with direct adsorption processes in the biochar structure. Highly porous biochars developed at high temperature, with large contents of super /uniFB01 cial polar functional groups (H/C), and high pH, electrical conductivity, ash percentage and cation exchan",Remediation; Mercury; Mine wastes; Contamination; Biochar,doc_20_Mercury speciation in mine tailings amended with biochar.md
Rice hull biochar enhances the mobilization and methylation of mercury in a soil under changing redox conditions: Implication for Hg risks management in paddy fields,"Ying Xing a,b , Jianxu Wang c,b,1 , Christoph E.S. Kinder b , Xing Yang b , Michal Slaný d , Bing Wang e , Hocheol Song f , Sabry M. Shaheen b,g,h , Peter Leinweber i, j , J ¨ org Rinklebe b,f,*
- a School of Chemistry and Materials Science, Guizhou Normal University, Guiyang 550002, PR China
- b University of Wuppertal, School of Architecture and Civil Engineering, Institute of Foundation Engineering, Water- and Waste-Management, Laboratory of Soil- and
- Groundwater-Management, Pauluskirchstra ß e 7, 42285 Wuppertal, Germany
- c State Key Laboratory of Environmental Geochemistry, Institute of Geochemistry, Chinese Academy of Sciences, Guiyang 550082, PR China
- d Institute of Inorganic Chemistry, Slovak Academy of Sciences, Dúbravsk ´ a cesta 9, 845 36 Bratislava, Slovakia
- e College of Resources and Environment Engineering, Guizhou University, Guiyang, Guizhou 550025, PR China
- f University of Sejong, Department of Environment, Energy and Geoinformatics, 98 Gunja-Dong, Guangjin-Gu, Seoul, South Korea
- g King Abdulaziz University, Faculty of Meteorology, Environment and Arid Land Agriculture, Department of Arid Land Agriculture, Jeddah 21589, Saudi Arabia
- h University of Kafrelsheikh, Faculty of Agriculture, Department of Soil and Water Sciences, 33516 Kafr El-Sheikh, Egypt
- i University of Rostock, Department Light, Life and Matter (LLM), Albert-Einstein-Strasse 25, D-18059 Rostock, Germany
- j Soil Science, University of Rostock, Justus-von-Liebig-Weg 6, 18051 Rostock, Germany","Handling Editor: Adrian Covaci

Biochar amendment to paddy soils was promising to mitigate mercury (Hg) accumulation in rice; thus, it was applied to reduce human Hg exposure via rice consumption. However, how biochar affects Hg mobilization and MeHg formation in soil under changed redox potential (Eh) conditions remained unknown. Here, we explored the change of dissolved total Hg (DTHg) and dissolved MeHg (DMeHg), and their controlling biogeochemical factors in a soil with(out) biochar amendment under changing Eh conditions using biogeochemical microcosm. Biochar amendment  resulted  in  a  widen  Eh  range  ( GLYPH&lt;0&gt; 300  to  400  mV)  compared  to  the  control  ( GLYPH&lt;0&gt; 250  to  350  mV), demonstrating that biochar promoted reduction-oxidization reactions in soil. Biochar amendment enhanced Hg mobilization  by  mediating  reductive  dissolution  of  Fe/Mn  (hydr)oxides.  Thus,  the  increased  Hg  availability promoted MeHg formation in the soils. Biochar amendment changed the soi",Hg methylation;Redox chemistry;Paddy soil;Soil organic matter composition;Mercury mine,doc_21_Rice hull biochar enhances the mobilization and methylation of mercury in a soil.md
Mitigation of mercury accumulation in rice using rice hull-derived biochar as soil amendment: A field investigation,"Ying Xing a,b , Jianxu Wang c,b,d, *, Sabry M. Shaheen b,e,f , Xinbin Feng c , Zhuo Chen a , Hua Zhang c, **, Jörg Rinklebe b,g, *
- a School of Chemistry and Materials Science, Guizhou Normal University, Guiyang, 550002, PR China
- b University of Wuppertal, School of Architecture and Civil Engineering, Institute of Foundation Engineering, Water- and Waste-Management, Laboratory of Soil- and
- Groundwater-Management, Pauluskirchstraße 7, 42285, Wuppertal, Germany
- c State Key Laboratory of Environmental Geochemistry, Institute of Geochemistry, Chinese Academy of Sciences, Guiyang, 550081, PR China
- d CAS Center for Excellence in Quaternary Science and Global Change, Xi'an, 710061, PR China
- e King Abdulaziz University, Faculty of Meteorology, Environment, and Arid Land Agriculture, Department of Arid Land Agriculture, 21589, Jeddah, Saudi Arabia
- f University of Kafrelsheikh, Faculty of Agriculture, Department of Soil and Water Sciences, 33516, Kafr El-Sheikh, Egypt
- g University of Sejong, Department of Environment, Energy and Geoinformatics, 98 Gunja-Dong, Guangjin-Gu, Seoul, South Korea","Effect of application of 24 t ha -1 and 72 t ha -1 rice hull-derived biochar (RHB) on total Hg (THg) and methylHg (MeHg) immobilization and their accumulations by rice plants were studied in a field experiment (Wanshan Hg mine, China). The addition of two doses of RHB significantly increased the biomass of rice plants, and decreased the MeHg concentration in the pore water, as compared to the control. The RHB promoted the partitioning of pore water MeHg to the soil solid phase throughout rice growing season, and pore water THg partitioning only at rice filling stage. Mercury methylation potential was weakly affected by the RHB addition to the soil. Mercury",Rice Hg accumulation; Biochar application; Sulfur fractionation; Risk management; Field trial,doc_22_Mitigation of mercury accumulation in rice using rice hull-derived.md
Selenium-amended biochar mitigates inorganic mercury and methylmercury accumulation in rice (Oryza sativa L.) ☆,"Wenqiang Lv a,1 , Tianli Zhan b,1 , Mahmoud A. Abdelhafiz c,d,e , Xinbin Feng c,f , Bo Meng c,* 
- a School of Geography and Resources, Guizhou Education University, Guiyang, Guizhou, 550018, China
- b Institute of Mountain Resources of Guizhou Province, Guiyang, 550001, China
- c State Key Laboratory of Environmental Geochemistry, Institute of Geochemistry, Chinese Academy of Sciences, Guiyang, 550081, China
- d University of Chinese Academy of Sciences, Beijing, 100049, China
- e Geology Department, Faculty of Science, Al-Azhar University, Assiut, 71524, Egypt
- f Center for Excellence in Quaternary Science and Global Change, Chinese Academy of Sciences, Xi ' an, 710061, China","Rice, as a dominant crop in China and Asia, can be a major route of methylmercury (MeHg) exposure for humans in inland China, especially in those living in mercury (Hg) polluted areas. Soil is the most prominent MeHg accumulation source for rice grains. The development of management practices to reduce MeHg in rice grains is crucial. This study explored the mitigation effect of biochar (BC) and sodium selenite-amended biochar (BC + Se) on MeHg production in paddy soil and accumulation in rice. Mercury-contaminated soil was treated with 1% and 5% of both BC and BC + Se. Soil MeHg concentration slightly increased under 1% BC/BC + Se compared to control soil but decreased at the rate of 5%. Moreover, soil phytoavailable MeHg (P -MeHg) diminished as the amount of Se-amended BC increased. BC + Se  effectively  mitigated  MeHg  accumulation  in  rice  grains.  The highest average contents of MeHg and inorganic Hg (IHg) in rice seeds were found in the control samples, followed by the 1%-BC, 5%-BC, 1%-BC + Se, and 5%-BC + Se samples. Under the 5%-BC + Se treatment, rice MeHg levels were reduced significantly (94%) compared to the control, and P -MeHg concentrations in soil were lower than  all  the  other  experimental  groups  throughout  the  rice-growing  season.  These  results  demonstrate  the effectiveness of BC + Se in reducing MeHg and IHg accumulation in rice and could be employed for remediation of Hg polluted paddies.",Biochar; Selenium; Inorganic mercury; Methylmercury; Accumulation; Rice,doc_23_Selenium-amended biochar mitigates inorganic mercury and.md
Effects of sulfur-rich biochar amendment on microbial methylation of mercury in rhizosphere paddy soil and methylmercury accumulation in rice ☆,"Hualing Hu a,b , Beidou Xi a,b,* , Wenbing Tan b
a
School of Environmental Science & Engineering, Tianjin University, Tianjin, 300350, China
b State Key Laboratory of Environmental Criteria and Risk Assessment, Chinese Research Academy of Environmental Sciences, Beijing, 100012, China","Biochar amendment has the potential to reduce methylmercury (MeHg) uptake by rice grains in soil-rice ecosystem. Considering that sulfur can strongly bind Hg and thus reduce its bioavailability, S-modified biochar has been used to immobilize Hg in soils. However, whether natural S-enriched biochar can further reduce Hg and MeHg phytoavailability remains  unknown. Moreover,  the  rhizosphere  is  one  of  the  most  important microbial hotspots regulating the pollutant dynamics in terrestrial ecosystems. Therefore, it is of greater practical significance to examine the impact of biochar amendment on MeHg production and phytoavailability in the rhizosphere versus nonrhizosphere. Here, by conducting a pot experiment, we evaluated the efficacy of biochar derived from sulfur-enriched oilseed rape straw to reduce MeHg accumulation in rice. The results demonstrated that: (1) biochar-induced enhancement of chloride ion and sulfate levels in the overlying water and pore water facilitate microbial methylation of Hg and thus MeHg production in rhizosphere soil. (2) biochar amendment increased rhizosphere soil sulfur content and humic acid-like substances, strengthening MeHg binding to soil, and thus reducing grain MeHg levels by 47% -75%. Our results highlight the necessity to applying natural sulfurrich biochar accompanied with exogenous sulfur to further reduce MeHg phytoavailability.",Biochar; Sulfur; Methylmercury; Phytoavailability; Paddy soil,doc_24_Effects of sulfur-rich biochar amendment on microbial methylation.md
"Phytoremediation of Hg and chlorpyrifos contaminated soils using Phaseolus vulgaris L. with biochar, mycorrhizae, and compost amendments","Alejandra Vargas · Julián E. López · Adriana Jaimes · Juan F. Saldarriaga
A. Vargas · A. Jaimes · J. F. Saldarriaga ( ) Department of Civil and Environmental Engineering, Universidad de los Andes, Carrera 1Este #19A-40, 111711 Bogotá, Colombia
J. E. López
Facultad de Arquitectura e Ingeniería, Institución Universitaria Colegio Mayor de Antioquia, Carrera 78 #65-46, 050034 Medellín, Colombia","Anthropogenic  activities,  encompassing vast agricultural and industrial operations around the world, exert substantial pressure on the environment, culminating  in  profound  ecological  impacts.  These activities exacerbate soil contamination problems with pollutants such as mercury (Hg) and chlorpyrifos (CPF) that are notable for their widespread presence and detrimental effects. The objective of this study is to evaluate the phytoremediation potential of Phaseolus vulgaris L. , augmented with various combinations of biochar, mycorrhizal, and compost amendments, as a  sustainable  alternative  for  the  remediation  of  soils contaminated with Hg and CPF. For this purpose, soil from a mining area with mercury contamination has been taken, to which CPF has been added in different concentrations. Then, previously germinated Phaseolus  vulgaris  L. seedlings  with  an  average  height of  10 cm  were  planted.  Electrical  conductivity,  pH, organic  matter,  CPF,  and  Hg,  as  well  as  seedling growth parameters, have been evaluated to determine the processes of absorption of soil contaminants into the  plant.  A  combination  of  biochar  with  mycorrhiza has been found to be an optimal choice for CPF and Hg remediation. However, all amendments have proven to be efficient in the remediation processes of the tested contaminants.",Mercury; Chlorpyrifos; Phytoremediation; Biochar; Compost; Mycorrhizae,doc_25_Phytoremediation of Hg and chlorpyrifos contaminated.md
Sulfur-modified biochar as a soil amendment to stabilize mercury pollution: An accelerated simulation of long-term aging effects,"Bin Zhao a , David O ' Connor a , Zhengtao Shen a, b , Daniel C.W. Tsang c , J€org Rinklebe d, e , Deyi Hou a, * 
- a School of Environment, Tsinghua University, Beijing, 100084, China
- b Department of Earth and Atmospheric Sciences, University of Alberta, Edmonton, T6G 2E3, Canada
- c Department of Civil and Environmental Engineering, The Hong Kong Polytechnic University, Hung Hom, Kowloon, Hong Kong, China
- d University of Wuppertal, School of Architecture and Civil Engineering, Institute of Foundation Engineering, Water- and Waste-Management, Laboratory of Soil- and Groundwater-Management, Pauluskirchstraße 7, Wuppertal, 42285, Germany
- e Department of Environment, Energy and Geoinformatics, Sejong University, 98 Gunja-Dong, Seoul, Republic of Korea","The stability of mercury (Hg) contamination in soil environments can change over time. This has implications for agricultural sites under long-term management after in situ treatment involving soil amendments. In this study, rice husk biochar (RHB) and sulfur modi /uniFB01 ed rice husk biochar (SRHB) were synthesized and applied (dosage ¼ 5% dry wt.) to a Hg polluted agricultural soil collected from Guizhou province, Southern China (soil total Hg content ¼ 28.3 mg/kg; C ¼ 2%; and, S ¼ 0.1%). The long-term stabilization effectiveness of the soil treatments was evaluated by a combined approach involving: (i) accelerated aging for 104 simulated years; (ii) soil extraction as a proxy for plant uptake; and, (iii) sequential extraction to identify Hg fractions. The SRHB amendment raised the soil ' s total S content by approximately an order of magnitude (to 0.9%), which remained at a generally constant level throughout the simulation. The initial pH levels for the untreated and treated soils were alkaline and remained between 7.0 and 7.5 for the /uniFB01 rst 50 years of simulated aging, before decreasing as the simulation time increased further. The pH of the SRHB treated soils did not drop below that of untreated soils during the simulation. Soil extraction tests with 0.1 M HCl solution indicated that RHB and SRHB treatments could effectively immobilize the Hg in soil for at least 50 and 75 simulated years, respectively. At simulated year 50, the amount of Hg extracted from RHB and SRHB treated soils was &lt; 200 ng/L and &lt; 100 ng/L, respectively. Thus, showing SRHB to be a particularly promising remedial option. The soil Hg was mostly",Hg contamination; Soil stabilization; Metal bioavailability; Sustainable remediation; Sorption,doc_26_Sulfur-modified biochar as a soil amendment to stabilize mercury.md
Biochar amendment to further reduce methylmercury accumulation in rice grown in selenium-amended paddy soil,"Yongjie Wang a,b , Fei Dang c , Xiangmin Zheng a, ⁎⁎ , Huan Zhong d,e, ⁎
- a Key Laboratory of Geographic Information Science, Ministry of Education, East China Normal University, Shanghai, 200241, PR China
- b Institute of Eco-Chongming, East China Normal University, Shanghai, 200241, PR China
- c Key Laboratory of Soil Environment and Pollution Remediation, Institute of Soil Science, Chinese Academy of Sciences, Nanjing, 210008, PR China
- d State Key Laboratory of Pollution Control and Resources Reuse, School of the Environment, Nanjing University, Nanjing, 210023, PR China
- e Environmental and Life Sciences Program (EnLS), Trent University, Peterborough, Ontario, Canada","Methylmercury (MeHg) accumulation in rice is an emerging food safety issue in China and other countries; however, mitigation methods are scarce. Here, the effects of selenium (Se) and multiple applications of Se and biochar on rice MeHg bioaccumulation were investigated using pot and microcosm experiments. We report that Se amendment was still effective in reducing MeHg levels in paddy soil and rice grain after three years of aging. Biochar amendment (0.5% w/w ) further decreased grain (brown rice) MeHg levels by 82-87%. The grain MeHg level decrease following the combination of Se and biochar amendment could be partly attributed to inhibition of net MeHg production in soil by Se. In addition, biochar decreased not only net MeHg production but also MeHg bioavailability in the soil, which could be due to organosulfur compounds in the biochar. Our findings suggest that multiple applications of Se and biochar could be a novel remediation strategy to mitigate MeHg accumulation in rice.",Biochar; Selenium; Methylmercury; Paddy soil; Rice,doc_27_Biochar amendment to further reduce methylmercury accumulation in rice.md
Use of biochar to reduce mercury accumulation in Oryza sativa L: A trial for sustainable management of historically polluted farmlands,"Yi Man a,b , Bo Wang a,b , Jianxu Wang a,c,* , Michal Slaný d,e , Haiyu Yan a,* , Ping Li a , Ali El-Naggar f , Sabry M. Shaheen g,h,i , J ¨ org Rinklebe g,j , Xinbin Feng a,c
- a State Key Laboratory of Environmental Geochemistry, Institute of Geochemistry, Chinese Academy of Sciences, Guiyang 550081, PR China
- b University of Chinese Academy of Sciences, Beijing 100049, PR China
- c CAS Center for Excellence in Quaternary Science and Global Change, Xi ' an, 710061, China
- d Institute of Inorganic Chemistry, Slovak Academy of Sciences, Dúbravsk ´ a cesta 9, 84536 Bratislava, Slovakia
- e Institute of Construction and Architecture, Slovak Academy of Sciences, Dúbravsk ´ a cesta 9, 84503 Bratislava, Slovakia
- f Department of Soil Sciences, Faculty of Agriculture, Ain Shams University, Cairo 11241, Egypt
- g University of Wuppertal, School of Architecture and Civil Engineering, Institute of Foundation Engineering, Water- and Waste-Management, Laboratory of Soil- and
- Groundwater-Management, Pauluskirchstra ß e 7, 42285 Wuppertal, Germany
- h Department of Arid Land Agriculture, Faculty of Meteorology, Environment, and Arid Land Agriculture, King Abdulaziz University, Jeddah 21589, Saudi Arabia
- i Department of Soil and Water Sciences, Faculty of Agriculture, University of Kafrelsheikh, 33516 Kafr El-Sheikh, Egypt
- j University of Sejong, Department of Environment, Energy and Geoinformatics, Guangjin-Gu, Seoul 05006, Republic of Korea","Mitigating the risk of mercury (Hg) contamination in rice soils using environmental friendly amendments is essential to reducing the probable daily intake (PDI) of MeHg via rice consumption. Here, we examined the impacts of different doses (0% (control), 0.6% and 3%) of rice hull-derived biochar (RHB) and mixture of wheatrice straw-derived biochar (RWB) on the fractionation, phytoavailability, and uptake of total (THg) and methyl Hg (MeHg) by rice in Hg-polluted soil (THg = 78.3 mg kg GLYPH&lt;0&gt; 1 ) collected from Wanshan Hg mining area. Both biochars increased rice biomass up to 119% as compared to control. Application of RHB and RWB significantly ( P ≤ 0.05) decreased bioavailable Hg (soluble and exchangeable and specifically-sorbed fractions) concentrations by 55 -71% and 67 -72%, respectively. The addition of RHB significantly decreased MeHg concentrations in the soil. However, RWB (particularly at 3%) increased significantly MeHg concentrations in the soil as compared to the control and RHB treatments, likely due to the increased abundan",Green remediation; Mercury contaminated paddy soils; Renewable materials; Human health; Safe rice production,doc_28_Use of biochar to reduce mercury accumulation in Oryza sativa L.md
Synchronous influence of soil amendments on alkylmercury and methane emissions in mercury-contaminated paddy soil,"Kaikai Fang a , Yan He a,b , Jianming Xu a , Jiachun Shi a,* 
- a Zhejiang Provincial Key Laboratory of Agricultural Resources and Environment, Institute of Soil and Water Resources and Environmental Science, College of
- Environmental and Resource Sciences, Zhejiang University, Hangzhou 310058, China
- b Key Laboratory of Environment Remediation and Ecological Health, Ministry of Education, Hangzhou 310058, China","Mercury (Hg) alkylation and methane (CH4) emissions pose significant global concerns. Paddy soil, due to its long-term anaerobic conditions and abundant organic matter, is hotspots for soil Hg alkylation and CH4  emissions. However, the relevance between Hg alkylation and CH4 emissions, especially their simultaneous reduction strategies, remains poorly understood. Here, we investigated the effects of biochar (BC), selenium (Se) and rice straw (RS) amendments on Hg alkylation and CH4  emissions in paddy soil, and the accumulation of Hg speciation. Results found that both BC and RS amendments significantly increased the levels of soil organic carbon (SOC) and humification index (HIX). Furthermore, BC decreased the concentrations of Hg(II), methylmercury (MeHg) and ethylmercury (EtHg) by 63.1%, 53.6% and 100% in rice grains. However, RS increased Hg(II) concentration but decreased the total Hg (THg), MeHg and EtHg concentrations in rice grains. Compared to the CK, RS significantly increased CH4 emissions, while BC decreased CH4 emissions, and Se showed no significant difference. Se amendment increased the Hg(II) and EtHg concentrations by 20.3% and 17.0% respectively, and decreased the MeHg concentration in grains by 58.3%. Both BC a",Biochar; Hg speciation transformation; Methylmercury; Greenhouse gas emissions; Hg-contaminated paddy soil,doc_29_Synchronous influence of soil amendments on alkylmercury and methane.md
Biochar amendment mitigates the health risks of dietary methylmercury exposure from rice consumption in mercury-contaminated areas,"Yongjie Wang a, b, 1 , Yafei Sun a, 1 , Tianrong He c , Hong Deng b, d , Zhigang Wang a , Jiangtao Wang b , Xiangmin Zheng a , Limin Zhou a, b , Huan Zhong e, f, * - a Key Laboratory of Geographic Information Science, Ministry of Education, School of Geographic Sciences, East China Normal University, Shanghai, 200241, PR China - b Institute of Eco-Chongming, East China Normal University, Shanghai, 200241, PR China - c Key Laboratory of Karst Environment and Geohazard Prevention, Guizhou University, Guiyang, 550003, PR China - d Shanghai Key Lab for Urban Ecological Processes and Eco-Restoration, Technology Innovation Center for Land Spatial Eco-restoration in Metropolitan area, Ministry of Natural Resource, School of Ecological and Environmental Science, East China Normal University, Shanghai, 200241, PR China - e State Key Laboratory of Pollution Control and Resources Reuse, School of the Environment, Nanjing University, Nanjing, 210023, PR China - f Environmental and Life Sciences Program (EnLS), Trent University, Peterborough, Ontario, Canada","The accumulation of methylmercury (MeHg) in rice is an important MeHg exposure pathway in humans in several mercury (Hg)-contaminated areas. In this study, the effects of low-dose biochar (BC) amendment (0.3%, w/w) on MeHg mobility/phytoavailability in different Hg-contaminated paddy soils, MeHg accumulation in rice plants and the health risks associated with MeHg-laden rice consumption were investigated. Soils amended with different doses of bamboo-derived BC (0.3, 0.5, and 1%, w/w) were incubated under anoxic conditions in microcosm experiments. In addition, pot experiments were conducted involving rice cultivation with a low BC application rate (0.3%, w/w). We observed that (1) the fraction of extractable MeHg in soils decreased with BC addition in both the microcosm and pot experiments; (2) MeHg concentrations in the rice grains (brown rice) significantly decreased by 56 e 88% in response to BC amendment, which may be attributed mainly to decreases in MeHg mobility/phytoavailability in the soil; and (3) the hazard quotient (HQ) values for adults and children and fetal intelligence quotient (IQ) decrements associated with MeHg-laden rice consumption were significantly alleviated under BC amendment. Taken together, our findings suggest that a low dose of BC (0.3%, w/w) could have great potential for mitigating the health risks of dietary MeHg exposure from the consumpt",Methylmercury; Paddy soils; Biochar; Health risks,doc_30_Biochar amendment mitigates the health risks of dietary.md
Activated Carbon and Biochar Reduce Mercury Methylation Potentials in Aquatic Sediments,"Derek D. Bussan¹, Ryan F. Sessums¹, James V. Cizdziel¹
¹ Department of Chemistry and Biochemistry, University of Mississippi, University, MS 38677, USA","Much of the toxic methylmercury (MeHg) that biomagnifies in the aquatic food chain and accumulates in fish and seafood is believed to originate from microbial methylation of inorganic Hg²⁺ in anoxic sediments. We examined the effect amending wetland sediments with activated carbon and biochar on Hg methylation potentials using microcosms and Hg stable isotope tracers. The inorganic ²⁰⁰Hg²⁺ spike was methylated at ~0.37 %/day in the untreated sediment, but that rate decreased to ~0.08 %/day for the amended sediments, with 80 % and 88 % reductions in methylation rates for activated carbon and biochar amendments, respectively. Demethylation rates were relatively unchanged. Our key finding is that amending contaminated sediment with activated carbon and biochar decreases bioavailable Hg, and thus may also decrease Hg transfer into food webs. However, further research is needed to evaluate exactly how the sorbents impact Hg methylation rates and for related field studies.",Mercury; Methylmercury; Methylation; Wetland sediment; Activated carbon; Biochar; In situ remediation,doc_31_Activated Carbon and Biochar Reduce Mercury Methylation Potentials in Aquatic Sediments.md
Mercury distribution and speciation in biochar particles reacted with contaminated sediment up to 1030 days: A synchrotron-based study,"Peng Liu a,b , Carol J. Ptacek b, ⁎ , David W. Blowes b , Y. Zou Finfrock c,d
- a School of Environmental Studies, China University of Geosciences (Wuhan), 388 Lumo Road, Wuhan 430000, PR China
- b Department of Earth and Environmental Sciences, University of Waterloo, 200 University Avenue West, Waterloo N2L3G1, Ontario, Canada
- c Science Division, Canadian Light Source, 44 Innovation Bld., Saskatoon S7N2V3, Saskatchewan, Canada
- d CLS@APS Sector 20, Advanced Photon Source, 9700 South Cass Ave., Lemont, IL 60439, United States of America","A previous long-term microcosm experiment showed mercury (Hg) in the aqueous phase of contaminated sediment was effectively stabilized through the addition of biochar. The present study focuses on the application of synchrotron-related methods to evaluate the distribution and speciation of Hg in the biochar particles reacted for 235, 387, and 1030 days. The study provided more information on Hg stabilization mechanisms in addition to the information obtained by the previous studies. Confocal micro-X-ray fluorescence imaging (CMXRFI) and microX-ray fluorescence (micro-XRF) maps show that mercury co-exists with S, Cu, Fe, Mn, and Zn on the surface and inside the particles of biochar. Extended X-ray absorption fine structure (EXAFS) modeling shows that Hg is in an oxide form on the surface of an iron (hydro)oxide particle from fresh sediment and in Hg-sulfide forms in biochar samples. S X-ray absorption near-edge structure (XANES) analyses show that sulfide is present within the biochar particles. After amendment with biochars, a fraction of the Hg originally present in unstable forms (dissolvable, HgO, colloidal, nano, etc.) in the sediment was likely stabilized as less soluble Hg-sulfide phases on the surfa",Mercury;Confocal X-ray microfluorescence imaging;Biochar;Sediment;Synchrotron-based techniques,doc_32_Mercury distribution and speciation in biochar particles reacted with contaminated.md
Biochar amendment reduced methylmercury accumulation in rice plants,"Rui Shu a , Yongjie Wang a , Huan Zhong a , b , ∗
a School of Environment, Nanjing University, State Key Laboratory of Pollution Control and Resource Reuse, Nanjing, Jiangsu Province, People's Republic of China, People's Republic of China b Environmental and Life Sciences Program (EnLS), Trent University, Peterborough, Ontario, Canada","There is growing concern about methylmercury (MeHg) accumulation in rice grains and thus enhanced dietary exposure to MeHg in Asian countries. Here, we explored the possibility of reducing grain MeHg levels by biochar amendment, and the underlying mechanisms. Pot (i.e., rice cultivation in biochar amended soils) and batch experiments (i.e., incubation of amended soils under laboratory conditions) were carried out, to investigate MeHg dynamics (i.e., MeHg production, partitioning and phytoavailability in paddy soils, and MeHg uptake by rice) under biochar amendment (1-4% of soil mass). We demonstrate for the first time that biochar amendment could evidently reduce grain MeHg levels (49-92%).

The declines could be attributed to the combined effects of: (1) increased soil MeHg concentrations, probably explained by the release of sulfate from biochar and thus enhanced microbial production of MeHg (e.g., by sulfate-reducing bacteria), (2) MeHg immobilization in soils, facilitated by the large surface areas and high organosulfur content of biochar, and (3) biodilution of MeHg in rice grains, due to the increased grain biomass under biochar amendment (35-79%). These observations together with mechanistic explanations imp",Biochar; Bioaccumulation; Methylmercury; Rice paddy soil,doc_33_Biochar amendment reduced methylmercury accumulation in rice plants.md
Biochar and nitrate reduce risk of methylmercury in soils under straw amendment,"Yue Zhang a , Yu-Rong Liu b , Pei Lei c , Yong-Jie Wang d , Huan Zhong a,e, ⁎
- a School of the Environment, Nanjing University, State Key Laboratory of Pollution Control and Resources Reuse, Nanjing, Jiangsu Province, China
- b Research Center for Eco-Environmental Sciences, Chinese Academy of Sciences, Beijing 100085, China
- c Key Laboratory of Optoelectronic Devices and Systems of Ministry of Education and Guangdong Province, College of Optoelectronic Engineering, Shenzhen University, Shenzhen 518060, China
- d School of Geographic Sciences, East China Normal University, Shanghai 200241, China
- e Environmental and Life Science Program (EnLS), Trent University, Peterborough, Ontario, Canada","There is growing evidence that incorporating crop straw into soils, which is being widely encouraged in many parts of the world, could increase net methylmercury (MeHg) production in soils and MeHg accumulation in crops. We explored the possibility of mitigating the risk of increased MeHg levels under straw amendment by transforming straw into biochar (BC). Greenhouse and batch experiments were conducted, in which soil MeHg concentrations, MeHg phytoavailability and accumulation in rice, dynamics of sulfate, nitrate and abundances of sulfate reducing bacteria (SRB) were compared in ' Control ' (Hg contaminated soil), ' Straw ' (soil with 1% rice straw), ' Straw + BC ' (soil with 1% straw and 1% biochar), and ' Straw + BC + N ' (soil with 1% straw, 1% biochar and 0.12% nitrate). Our results indicate that straw amendment increased MeHg concentrations in soils (28 -136% higher) and rice plants (26% higher in grains, ' Straw ' versus ' Control ' ), while co-application of biochar with straw reduced grain MeHg levels (60% lower, ' Straw + BC ' versus ' Straw ' ). This could be mainly attributed to the reduced MeHg availability to rice plants (phytoavailability, extraction rates of MeHg by ammonium thiosulfate) under biochar amendment (64 -99%lower, ' Straw+BC ' versus ' Straw ' ). However, biochar amendment enhanced soil MeHg levels (5 -75% higher, ' Straw + BC ' versus ' Control ' )",Paddy soil; Methylmercury; Straw return; Bioaccumulation; Rice,doc_34_Biochar and nitrate reduce risk of methylmercury in soils under straw amendment.md
